sample_id,model_variant,y_true,y_pred,error_type,error_reason,reviewer_notes
EX00005,weighted_fusion,0,1,false_positive,literal_interpretation_of_satire,Verified ML classification error under: sarcasm_miss
EX00047,weighted_fusion,0,1,false_positive,misinterpreted_homophone_in_asr,Verified ML classification error under: asr_drift
EX00077,weighted_fusion,1,0,false_negative,audio_whisper_transcription_drift,Verified ML classification error under: asr_drift
EX00087,weighted_fusion,1,0,false_negative,visual_occlusion_low_light,Verified ML classification error under: visual_artifacts
EX00118,weighted_fusion,1,0,false_negative,visual_occlusion_low_light,Verified ML classification error under: visual_artifacts
EX00122,weighted_fusion,0,1,false_positive,misinterpreted_homophone_in_asr,Verified ML classification error under: asr_drift
EX00130,weighted_fusion,1,0,false_negative,visual_occlusion_low_light,Verified ML classification error under: visual_artifacts
EX00137,weighted_fusion,1,0,false_negative,out_of_distribution_cultural_slang,Verified ML classification error under: domain_shift
EX00141,weighted_fusion,0,1,false_positive,shadow_mimicking_graphic_contour,Verified ML classification error under: visual_artifacts
EX00146,weighted_fusion,0,1,false_positive,misinterpreted_homophone_in_asr,Verified ML classification error under: asr_drift
EX00162,weighted_fusion,1,0,false_negative,visual_occlusion_low_light,Verified ML classification error under: visual_artifacts
EX00183,weighted_fusion,0,1,false_positive,roman_urdu_token_misclassification,Verified ML classification error under: transliteration_ambiguity
EX00184,weighted_fusion,0,1,false_positive,exaggerated_emotional_voice,Verified ML classification error under: modal_contradiction
EX00220,weighted_fusion,1,0,false_negative,audio_whisper_transcription_drift,Verified ML classification error under: asr_drift
EX00235,weighted_fusion,0,1,false_positive,literal_interpretation_of_satire,Verified ML classification error under: sarcasm_miss
EX00252,weighted_fusion,1,0,false_negative,roman_urdu_slang_missed,Verified ML classification error under: transliteration_ambiguity
EX00298,weighted_fusion,1,0,false_negative,implicit_sarcasm_not_detected,Verified ML classification error under: sarcasm_miss
EX00308,weighted_fusion,1,0,false_negative,roman_urdu_slang_missed,Verified ML classification error under: transliteration_ambiguity
EX00312,weighted_fusion,1,0,false_negative,implicit_sarcasm_not_detected,Verified ML classification error under: sarcasm_miss
EX00323,weighted_fusion,0,1,false_positive,reclaimed_slang_falsely_flagged,Verified ML classification error under: domain_shift
EX00328,weighted_fusion,1,0,false_negative,roman_urdu_slang_missed,Verified ML classification error under: transliteration_ambiguity
EX00368,weighted_fusion,0,1,false_positive,exaggerated_emotional_voice,Verified ML classification error under: modal_contradiction
EX00472,weighted_fusion,1,0,false_negative,audio_whisper_transcription_drift,Verified ML classification error under: asr_drift
EX00485,weighted_fusion,1,0,false_negative,audio_whisper_transcription_drift,Verified ML classification error under: asr_drift
EX00529,weighted_fusion,0,1,false_positive,exaggerated_emotional_voice,Verified ML classification error under: modal_contradiction
EX00576,weighted_fusion,1,0,false_negative,cross_modal_conflict_benign_text,Verified ML classification error under: modal_contradiction
EX00586,weighted_fusion,0,1,false_positive,literal_interpretation_of_satire,Verified ML classification error under: sarcasm_miss
EX00597,weighted_fusion,1,0,false_negative,out_of_distribution_cultural_slang,Verified ML classification error under: domain_shift
EX00601,weighted_fusion,1,0,false_negative,cross_modal_conflict_benign_text,Verified ML classification error under: modal_contradiction
EX00614,weighted_fusion,1,0,false_negative,visual_occlusion_low_light,Verified ML classification error under: visual_artifacts
EX00687,weighted_fusion,1,0,false_negative,visual_occlusion_low_light,Verified ML classification error under: visual_artifacts
EX00693,weighted_fusion,1,0,false_negative,roman_urdu_slang_missed,Verified ML classification error under: transliteration_ambiguity
EX00765,weighted_fusion,1,0,false_negative,visual_occlusion_low_light,Verified ML classification error under: visual_artifacts
EX00771,weighted_fusion,0,1,false_positive,roman_urdu_token_misclassification,Verified ML classification error under: transliteration_ambiguity
EX00783,weighted_fusion,0,1,false_positive,shadow_mimicking_graphic_contour,Verified ML classification error under: visual_artifacts
EX00810,weighted_fusion,0,1,false_positive,reclaimed_slang_falsely_flagged,Verified ML classification error under: domain_shift
EX00830,weighted_fusion,0,1,false_positive,reclaimed_slang_falsely_flagged,Verified ML classification error under: domain_shift
EX00849,weighted_fusion,0,1,false_positive,roman_urdu_token_misclassification,Verified ML classification error under: transliteration_ambiguity
EX00865,weighted_fusion,0,1,false_positive,reclaimed_slang_falsely_flagged,Verified ML classification error under: domain_shift
EX00878,weighted_fusion,1,0,false_negative,visual_occlusion_low_light,Verified ML classification error under: visual_artifacts
EX00887,weighted_fusion,1,0,false_negative,implicit_sarcasm_not_detected,Verified ML classification error under: sarcasm_miss
EX00944,weighted_fusion,1,0,false_negative,cross_modal_conflict_benign_text,Verified ML classification error under: modal_contradiction
EX00965,weighted_fusion,1,0,false_negative,roman_urdu_slang_missed,Verified ML classification error under: transliteration_ambiguity
EX00974,weighted_fusion,0,1,false_positive,shadow_mimicking_graphic_contour,Verified ML classification error under: visual_artifacts
EX00984,weighted_fusion,0,1,false_positive,reclaimed_slang_falsely_flagged,Verified ML classification error under: domain_shift
EX00988,weighted_fusion,1,0,false_negative,audio_whisper_transcription_drift,Verified ML classification error under: asr_drift
EX01001,weighted_fusion,0,1,false_positive,shadow_mimicking_graphic_contour,Verified ML classification error under: visual_artifacts
EX01002,weighted_fusion,1,0,false_negative,implicit_sarcasm_not_detected,Verified ML classification error under: sarcasm_miss
EX01009,weighted_fusion,1,0,false_negative,cross_modal_conflict_benign_text,Verified ML classification error under: modal_contradiction
EX01066,weighted_fusion,1,0,false_negative,out_of_distribution_cultural_slang,Verified ML classification error under: domain_shift
EX01080,weighted_fusion,0,1,false_positive,shadow_mimicking_graphic_contour,Verified ML classification error under: visual_artifacts
EX01102,weighted_fusion,1,0,false_negative,out_of_distribution_cultural_slang,Verified ML classification error under: domain_shift
EX01108,weighted_fusion,1,0,false_negative,implicit_sarcasm_not_detected,Verified ML classification error under: sarcasm_miss
EX01122,weighted_fusion,1,0,false_negative,roman_urdu_slang_missed,Verified ML classification error under: transliteration_ambiguity
EX01139,weighted_fusion,1,0,false_negative,cross_modal_conflict_benign_text,Verified ML classification error under: modal_contradiction
EX01143,weighted_fusion,0,1,false_positive,literal_interpretation_of_satire,Verified ML classification error under: sarcasm_miss
EX01175,weighted_fusion,1,0,false_negative,cross_modal_conflict_benign_text,Verified ML classification error under: modal_contradiction
EX01181,weighted_fusion,1,0,false_negative,audio_whisper_transcription_drift,Verified ML classification error under: asr_drift
EX01215,weighted_fusion,1,0,false_negative,cross_modal_conflict_benign_text,Verified ML classification error under: modal_contradiction
EX01225,weighted_fusion,0,1,false_positive,reclaimed_slang_falsely_flagged,Verified ML classification error under: domain_shift
EX01253,weighted_fusion,1,0,false_negative,roman_urdu_slang_missed,Verified ML classification error under: transliteration_ambiguity
EX01311,weighted_fusion,0,1,false_positive,reclaimed_slang_falsely_flagged,Verified ML classification error under: domain_shift
EX01324,weighted_fusion,0,1,false_positive,shadow_mimicking_graphic_contour,Verified ML classification error under: visual_artifacts
EX01375,weighted_fusion,1,0,false_negative,implicit_sarcasm_not_detected,Verified ML classification error under: sarcasm_miss
EX01387,weighted_fusion,1,0,false_negative,audio_whisper_transcription_drift,Verified ML classification error under: asr_drift
EX01388,weighted_fusion,1,0,false_negative,visual_occlusion_low_light,Verified ML classification error under: visual_artifacts
EX01410,weighted_fusion,1,0,false_negative,implicit_sarcasm_not_detected,Verified ML classification error under: sarcasm_miss
EX01418,weighted_fusion,1,0,false_negative,audio_whisper_transcription_drift,Verified ML classification error under: asr_drift
EX01429,weighted_fusion,1,0,false_negative,cross_modal_conflict_benign_text,Verified ML classification error under: modal_contradiction
EX01443,weighted_fusion,0,1,false_positive,misinterpreted_homophone_in_asr,Verified ML classification error under: asr_drift
EX01460,weighted_fusion,0,1,false_positive,roman_urdu_token_misclassification,Verified ML classification error under: transliteration_ambiguity
EX01471,weighted_fusion,0,1,false_positive,literal_interpretation_of_satire,Verified ML classification error under: sarcasm_miss
EX01528,weighted_fusion,1,0,false_negative,visual_occlusion_low_light,Verified ML classification error under: visual_artifacts
EX01535,weighted_fusion,1,0,false_negative,cross_modal_conflict_benign_text,Verified ML classification error under: modal_contradiction
EX01561,weighted_fusion,1,0,false_negative,implicit_sarcasm_not_detected,Verified ML classification error under: sarcasm_miss
EX01569,weighted_fusion,1,0,false_negative,implicit_sarcasm_not_detected,Verified ML classification error under: sarcasm_miss
EX01579,weighted_fusion,0,1,false_positive,shadow_mimicking_graphic_contour,Verified ML classification error under: visual_artifacts
EX01602,weighted_fusion,1,0,false_negative,roman_urdu_slang_missed,Verified ML classification error under: transliteration_ambiguity
EX01610,weighted_fusion,1,0,false_negative,out_of_distribution_cultural_slang,Verified ML classification error under: domain_shift
EX01626,weighted_fusion,0,1,false_positive,misinterpreted_homophone_in_asr,Verified ML classification error under: asr_drift
EX01670,weighted_fusion,0,1,false_positive,exaggerated_emotional_voice,Verified ML classification error under: modal_contradiction
EX01675,weighted_fusion,1,0,false_negative,implicit_sarcasm_not_detected,Verified ML classification error under: sarcasm_miss
EX01680,weighted_fusion,0,1,false_positive,exaggerated_emotional_voice,Verified ML classification error under: modal_contradiction
EX01689,weighted_fusion,0,1,false_positive,misinterpreted_homophone_in_asr,Verified ML classification error under: asr_drift
EX01700,weighted_fusion,1,0,false_negative,roman_urdu_slang_missed,Verified ML classification error under: transliteration_ambiguity
EX01704,weighted_fusion,0,1,false_positive,roman_urdu_token_misclassification,Verified ML classification error under: transliteration_ambiguity
EX01721,weighted_fusion,1,0,false_negative,visual_occlusion_low_light,Verified ML classification error under: visual_artifacts
EX01763,weighted_fusion,0,1,false_positive,misinterpreted_homophone_in_asr,Verified ML classification error under: asr_drift
EX01799,weighted_fusion,1,0,false_negative,implicit_sarcasm_not_detected,Verified ML classification error under: sarcasm_miss
EX01820,weighted_fusion,0,1,false_positive,reclaimed_slang_falsely_flagged,Verified ML classification error under: domain_shift
EX01876,weighted_fusion,1,0,false_negative,out_of_distribution_cultural_slang,Verified ML classification error under: domain_shift
EX01877,weighted_fusion,0,1,false_positive,misinterpreted_homophone_in_asr,Verified ML classification error under: asr_drift
EX01920,weighted_fusion,0,1,false_positive,literal_interpretation_of_satire,Verified ML classification error under: sarcasm_miss
EX01932,weighted_fusion,1,0,false_negative,out_of_distribution_cultural_slang,Verified ML classification error under: domain_shift
EX01960,weighted_fusion,1,0,false_negative,visual_occlusion_low_light,Verified ML classification error under: visual_artifacts
EX02033,weighted_fusion,1,0,false_negative,visual_occlusion_low_light,Verified ML classification error under: visual_artifacts
EX02036,weighted_fusion,0,1,false_positive,shadow_mimicking_graphic_contour,Verified ML classification error under: visual_artifacts
EX02049,weighted_fusion,1,0,false_negative,implicit_sarcasm_not_detected,Verified ML classification error under: sarcasm_miss
EX02082,weighted_fusion,1,0,false_negative,roman_urdu_slang_missed,Verified ML classification error under: transliteration_ambiguity
EX02104,weighted_fusion,1,0,false_negative,audio_whisper_transcription_drift,Verified ML classification error under: asr_drift
EX02155,weighted_fusion,0,1,false_positive,reclaimed_slang_falsely_flagged,Verified ML classification error under: domain_shift
EX02237,weighted_fusion,0,1,false_positive,roman_urdu_token_misclassification,Verified ML classification error under: transliteration_ambiguity
EX02249,weighted_fusion,1,0,false_negative,out_of_distribution_cultural_slang,Verified ML classification error under: domain_shift
EX02255,weighted_fusion,0,1,false_positive,exaggerated_emotional_voice,Verified ML classification error under: modal_contradiction
EX02274,weighted_fusion,0,1,false_positive,exaggerated_emotional_voice,Verified ML classification error under: modal_contradiction
EX02286,weighted_fusion,1,0,false_negative,visual_occlusion_low_light,Verified ML classification error under: visual_artifacts
EX02298,weighted_fusion,1,0,false_negative,cross_modal_conflict_benign_text,Verified ML classification error under: modal_contradiction
EX02306,weighted_fusion,0,1,false_positive,exaggerated_emotional_voice,Verified ML classification error under: modal_contradiction
EX02339,weighted_fusion,0,1,false_positive,misinterpreted_homophone_in_asr,Verified ML classification error under: asr_drift
EX02383,weighted_fusion,1,0,false_negative,cross_modal_conflict_benign_text,Verified ML classification error under: modal_contradiction
EX02415,weighted_fusion,1,0,false_negative,audio_whisper_transcription_drift,Verified ML classification error under: asr_drift
EX02436,weighted_fusion,1,0,false_negative,cross_modal_conflict_benign_text,Verified ML classification error under: modal_contradiction
EX02483,weighted_fusion,0,1,false_positive,misinterpreted_homophone_in_asr,Verified ML classification error under: asr_drift
EX02578,weighted_fusion,0,1,false_positive,misinterpreted_homophone_in_asr,Verified ML classification error under: asr_drift
EX02589,weighted_fusion,1,0,false_negative,cross_modal_conflict_benign_text,Verified ML classification error under: modal_contradiction
EX02664,weighted_fusion,0,1,false_positive,literal_interpretation_of_satire,Verified ML classification error under: sarcasm_miss
EX02691,weighted_fusion,0,1,false_positive,roman_urdu_token_misclassification,Verified ML classification error under: transliteration_ambiguity
EX02739,weighted_fusion,1,0,false_negative,roman_urdu_slang_missed,Verified ML classification error under: transliteration_ambiguity
EX02771,weighted_fusion,0,1,false_positive,shadow_mimicking_graphic_contour,Verified ML classification error under: visual_artifacts
EX02799,weighted_fusion,1,0,false_negative,audio_whisper_transcription_drift,Verified ML classification error under: asr_drift
EX02821,weighted_fusion,0,1,false_positive,reclaimed_slang_falsely_flagged,Verified ML classification error under: domain_shift
EX02836,weighted_fusion,0,1,false_positive,reclaimed_slang_falsely_flagged,Verified ML classification error under: domain_shift
EX02845,weighted_fusion,0,1,false_positive,exaggerated_emotional_voice,Verified ML classification error under: modal_contradiction
EX02848,weighted_fusion,1,0,false_negative,implicit_sarcasm_not_detected,Verified ML classification error under: sarcasm_miss
EX02897,weighted_fusion,1,0,false_negative,implicit_sarcasm_not_detected,Verified ML classification error under: sarcasm_miss
EX02962,weighted_fusion,1,0,false_negative,cross_modal_conflict_benign_text,Verified ML classification error under: modal_contradiction
EX02973,weighted_fusion,0,1,false_positive,shadow_mimicking_graphic_contour,Verified ML classification error under: visual_artifacts
EX02984,weighted_fusion,0,1,false_positive,literal_interpretation_of_satire,Verified ML classification error under: sarcasm_miss
EX02993,weighted_fusion,1,0,false_negative,visual_occlusion_low_light,Verified ML classification error under: visual_artifacts
EX03005,weighted_fusion,1,0,false_negative,out_of_distribution_cultural_slang,Verified ML classification error under: domain_shift
EX03075,weighted_fusion,0,1,false_positive,roman_urdu_token_misclassification,Verified ML classification error under: transliteration_ambiguity
EX03079,weighted_fusion,0,1,false_positive,reclaimed_slang_falsely_flagged,Verified ML classification error under: domain_shift
EX03106,weighted_fusion,1,0,false_negative,implicit_sarcasm_not_detected,Verified ML classification error under: sarcasm_miss
EX03148,weighted_fusion,1,0,false_negative,cross_modal_conflict_benign_text,Verified ML classification error under: modal_contradiction
EX03163,weighted_fusion,0,1,false_positive,exaggerated_emotional_voice,Verified ML classification error under: modal_contradiction
EX03198,weighted_fusion,1,0,false_negative,out_of_distribution_cultural_slang,Verified ML classification error under: domain_shift
EX03236,weighted_fusion,0,1,false_positive,exaggerated_emotional_voice,Verified ML classification error under: modal_contradiction
EX03240,weighted_fusion,1,0,false_negative,visual_occlusion_low_light,Verified ML classification error under: visual_artifacts
EX03246,weighted_fusion,0,1,false_positive,misinterpreted_homophone_in_asr,Verified ML classification error under: asr_drift
EX03257,weighted_fusion,1,0,false_negative,roman_urdu_slang_missed,Verified ML classification error under: transliteration_ambiguity
EX03266,weighted_fusion,1,0,false_negative,cross_modal_conflict_benign_text,Verified ML classification error under: modal_contradiction
EX03289,weighted_fusion,1,0,false_negative,implicit_sarcasm_not_detected,Verified ML classification error under: sarcasm_miss
EX03319,weighted_fusion,1,0,false_negative,cross_modal_conflict_benign_text,Verified ML classification error under: modal_contradiction
EX03349,weighted_fusion,0,1,false_positive,reclaimed_slang_falsely_flagged,Verified ML classification error under: domain_shift
EX03384,weighted_fusion,1,0,false_negative,audio_whisper_transcription_drift,Verified ML classification error under: asr_drift
EX03388,weighted_fusion,1,0,false_negative,roman_urdu_slang_missed,Verified ML classification error under: transliteration_ambiguity
EX03389,weighted_fusion,1,0,false_negative,out_of_distribution_cultural_slang,Verified ML classification error under: domain_shift
EX03402,weighted_fusion,1,0,false_negative,out_of_distribution_cultural_slang,Verified ML classification error under: domain_shift
EX03429,weighted_fusion,0,1,false_positive,shadow_mimicking_graphic_contour,Verified ML classification error under: visual_artifacts
EX03432,weighted_fusion,1,0,false_negative,visual_occlusion_low_light,Verified ML classification error under: visual_artifacts
EX03440,weighted_fusion,0,1,false_positive,misinterpreted_homophone_in_asr,Verified ML classification error under: asr_drift
EX03446,weighted_fusion,1,0,false_negative,audio_whisper_transcription_drift,Verified ML classification error under: asr_drift
EX03556,weighted_fusion,1,0,false_negative,cross_modal_conflict_benign_text,Verified ML classification error under: modal_contradiction
EX03575,weighted_fusion,1,0,false_negative,roman_urdu_slang_missed,Verified ML classification error under: transliteration_ambiguity
EX03588,weighted_fusion,0,1,false_positive,reclaimed_slang_falsely_flagged,Verified ML classification error under: domain_shift
EX03633,weighted_fusion,1,0,false_negative,audio_whisper_transcription_drift,Verified ML classification error under: asr_drift
EX03690,weighted_fusion,0,1,false_positive,exaggerated_emotional_voice,Verified ML classification error under: modal_contradiction
EX03692,weighted_fusion,0,1,false_positive,shadow_mimicking_graphic_contour,Verified ML classification error under: visual_artifacts
EX03700,weighted_fusion,1,0,false_negative,visual_occlusion_low_light,Verified ML classification error under: visual_artifacts
EX03708,weighted_fusion,1,0,false_negative,visual_occlusion_low_light,Verified ML classification error under: visual_artifacts
EX03731,weighted_fusion,1,0,false_negative,cross_modal_conflict_benign_text,Verified ML classification error under: modal_contradiction
EX03775,weighted_fusion,0,1,false_positive,roman_urdu_token_misclassification,Verified ML classification error under: transliteration_ambiguity
EX03804,weighted_fusion,0,1,false_positive,reclaimed_slang_falsely_flagged,Verified ML classification error under: domain_shift
EX03816,weighted_fusion,1,0,false_negative,cross_modal_conflict_benign_text,Verified ML classification error under: modal_contradiction
EX03835,weighted_fusion,0,1,false_positive,reclaimed_slang_falsely_flagged,Verified ML classification error under: domain_shift
EX03878,weighted_fusion,1,0,false_negative,visual_occlusion_low_light,Verified ML classification error under: visual_artifacts
EX03904,weighted_fusion,1,0,false_negative,out_of_distribution_cultural_slang,Verified ML classification error under: domain_shift
EX03921,weighted_fusion,0,1,false_positive,exaggerated_emotional_voice,Verified ML classification error under: modal_contradiction
EX03931,weighted_fusion,0,1,false_positive,exaggerated_emotional_voice,Verified ML classification error under: modal_contradiction
EX03975,weighted_fusion,1,0,false_negative,cross_modal_conflict_benign_text,Verified ML classification error under: modal_contradiction
EX04000,weighted_fusion,1,0,false_negative,roman_urdu_slang_missed,Verified ML classification error under: transliteration_ambiguity
EX04055,weighted_fusion,1,0,false_negative,roman_urdu_slang_missed,Verified ML classification error under: transliteration_ambiguity
EX04092,weighted_fusion,0,1,false_positive,shadow_mimicking_graphic_contour,Verified ML classification error under: visual_artifacts
EX04153,weighted_fusion,0,1,false_positive,literal_interpretation_of_satire,Verified ML classification error under: sarcasm_miss
EX04169,weighted_fusion,0,1,false_positive,exaggerated_emotional_voice,Verified ML classification error under: modal_contradiction
EX04185,weighted_fusion,0,1,false_positive,literal_interpretation_of_satire,Verified ML classification error under: sarcasm_miss
EX04230,weighted_fusion,1,0,false_negative,cross_modal_conflict_benign_text,Verified ML classification error under: modal_contradiction
EX04236,weighted_fusion,0,1,false_positive,literal_interpretation_of_satire,Verified ML classification error under: sarcasm_miss
EX04274,weighted_fusion,1,0,false_negative,cross_modal_conflict_benign_text,Verified ML classification error under: modal_contradiction
EX04291,weighted_fusion,1,0,false_negative,implicit_sarcasm_not_detected,Verified ML classification error under: sarcasm_miss
EX04302,weighted_fusion,0,1,false_positive,literal_interpretation_of_satire,Verified ML classification error under: sarcasm_miss
EX04318,weighted_fusion,0,1,false_positive,shadow_mimicking_graphic_contour,Verified ML classification error under: visual_artifacts
EX04320,weighted_fusion,1,0,false_negative,cross_modal_conflict_benign_text,Verified ML classification error under: modal_contradiction
EX04332,weighted_fusion,0,1,false_positive,literal_interpretation_of_satire,Verified ML classification error under: sarcasm_miss
EX04401,weighted_fusion,1,0,false_negative,out_of_distribution_cultural_slang,Verified ML classification error under: domain_shift
EX04415,weighted_fusion,0,1,false_positive,exaggerated_emotional_voice,Verified ML classification error under: modal_contradiction
EX04439,weighted_fusion,0,1,false_positive,exaggerated_emotional_voice,Verified ML classification error under: modal_contradiction
EX04458,weighted_fusion,1,0,false_negative,implicit_sarcasm_not_detected,Verified ML classification error under: sarcasm_miss
EX04460,weighted_fusion,0,1,false_positive,roman_urdu_token_misclassification,Verified ML classification error under: transliteration_ambiguity
EX04474,weighted_fusion,0,1,false_positive,shadow_mimicking_graphic_contour,Verified ML classification error under: visual_artifacts
EX04494,weighted_fusion,1,0,false_negative,roman_urdu_slang_missed,Verified ML classification error under: transliteration_ambiguity
EX04525,weighted_fusion,0,1,false_positive,literal_interpretation_of_satire,Verified ML classification error under: sarcasm_miss
EX04563,weighted_fusion,1,0,false_negative,out_of_distribution_cultural_slang,Verified ML classification error under: domain_shift
EX04569,weighted_fusion,0,1,false_positive,roman_urdu_token_misclassification,Verified ML classification error under: transliteration_ambiguity
EX04634,weighted_fusion,1,0,false_negative,implicit_sarcasm_not_detected,Verified ML classification error under: sarcasm_miss
EX04648,weighted_fusion,1,0,false_negative,visual_occlusion_low_light,Verified ML classification error under: visual_artifacts
EX04663,weighted_fusion,1,0,false_negative,visual_occlusion_low_light,Verified ML classification error under: visual_artifacts
EX04665,weighted_fusion,1,0,false_negative,cross_modal_conflict_benign_text,Verified ML classification error under: modal_contradiction
EX04774,weighted_fusion,0,1,false_positive,roman_urdu_token_misclassification,Verified ML classification error under: transliteration_ambiguity
EX04807,weighted_fusion,1,0,false_negative,cross_modal_conflict_benign_text,Verified ML classification error under: modal_contradiction
EX04808,weighted_fusion,1,0,false_negative,out_of_distribution_cultural_slang,Verified ML classification error under: domain_shift
EX04825,weighted_fusion,0,1,false_positive,exaggerated_emotional_voice,Verified ML classification error under: modal_contradiction
EX04826,weighted_fusion,1,0,false_negative,cross_modal_conflict_benign_text,Verified ML classification error under: modal_contradiction
EX04856,weighted_fusion,0,1,false_positive,literal_interpretation_of_satire,Verified ML classification error under: sarcasm_miss
EX04861,weighted_fusion,0,1,false_positive,shadow_mimicking_graphic_contour,Verified ML classification error under: visual_artifacts
EX04862,weighted_fusion,0,1,false_positive,roman_urdu_token_misclassification,Verified ML classification error under: transliteration_ambiguity
EX04884,weighted_fusion,1,0,false_negative,cross_modal_conflict_benign_text,Verified ML classification error under: modal_contradiction
EX04911,weighted_fusion,0,1,false_positive,reclaimed_slang_falsely_flagged,Verified ML classification error under: domain_shift
EX04944,weighted_fusion,0,1,false_positive,exaggerated_emotional_voice,Verified ML classification error under: modal_contradiction
EX04946,weighted_fusion,0,1,false_positive,roman_urdu_token_misclassification,Verified ML classification error under: transliteration_ambiguity
EX04957,weighted_fusion,1,0,false_negative,visual_occlusion_low_light,Verified ML classification error under: visual_artifacts
EX05012,weighted_fusion,0,1,false_positive,shadow_mimicking_graphic_contour,Verified ML classification error under: visual_artifacts
EX05019,weighted_fusion,0,1,false_positive,misinterpreted_homophone_in_asr,Verified ML classification error under: asr_drift
EX05036,weighted_fusion,0,1,false_positive,roman_urdu_token_misclassification,Verified ML classification error under: transliteration_ambiguity
EX05048,weighted_fusion,1,0,false_negative,roman_urdu_slang_missed,Verified ML classification error under: transliteration_ambiguity
EX05051,weighted_fusion,1,0,false_negative,implicit_sarcasm_not_detected,Verified ML classification error under: sarcasm_miss
EX05071,weighted_fusion,1,0,false_negative,out_of_distribution_cultural_slang,Verified ML classification error under: domain_shift
EX05087,weighted_fusion,1,0,false_negative,cross_modal_conflict_benign_text,Verified ML classification error under: modal_contradiction
EX05097,weighted_fusion,0,1,false_positive,roman_urdu_token_misclassification,Verified ML classification error under: transliteration_ambiguity
EX05118,weighted_fusion,1,0,false_negative,implicit_sarcasm_not_detected,Verified ML classification error under: sarcasm_miss
EX05143,weighted_fusion,1,0,false_negative,cross_modal_conflict_benign_text,Verified ML classification error under: modal_contradiction
EX05199,weighted_fusion,0,1,false_positive,roman_urdu_token_misclassification,Verified ML classification error under: transliteration_ambiguity
EX05204,weighted_fusion,1,0,false_negative,audio_whisper_transcription_drift,Verified ML classification error under: asr_drift
EX05226,weighted_fusion,0,1,false_positive,exaggerated_emotional_voice,Verified ML classification error under: modal_contradiction
EX05292,weighted_fusion,0,1,false_positive,exaggerated_emotional_voice,Verified ML classification error under: modal_contradiction
EX05333,weighted_fusion,0,1,false_positive,misinterpreted_homophone_in_asr,Verified ML classification error under: asr_drift
EX05338,weighted_fusion,1,0,false_negative,roman_urdu_slang_missed,Verified ML classification error under: transliteration_ambiguity
EX05342,weighted_fusion,1,0,false_negative,implicit_sarcasm_not_detected,Verified ML classification error under: sarcasm_miss
EX05354,weighted_fusion,1,0,false_negative,audio_whisper_transcription_drift,Verified ML classification error under: asr_drift
EX05379,weighted_fusion,1,0,false_negative,cross_modal_conflict_benign_text,Verified ML classification error under: modal_contradiction
EX05384,weighted_fusion,1,0,false_negative,visual_occlusion_low_light,Verified ML classification error under: visual_artifacts
EX05411,weighted_fusion,1,0,false_negative,visual_occlusion_low_light,Verified ML classification error under: visual_artifacts
EX05412,weighted_fusion,1,0,false_negative,audio_whisper_transcription_drift,Verified ML classification error under: asr_drift
EX05424,weighted_fusion,1,0,false_negative,out_of_distribution_cultural_slang,Verified ML classification error under: domain_shift
EX05429,weighted_fusion,0,1,false_positive,misinterpreted_homophone_in_asr,Verified ML classification error under: asr_drift
EX05437,weighted_fusion,1,0,false_negative,visual_occlusion_low_light,Verified ML classification error under: visual_artifacts
EX05440,weighted_fusion,0,1,false_positive,literal_interpretation_of_satire,Verified ML classification error under: sarcasm_miss
EX05463,weighted_fusion,1,0,false_negative,cross_modal_conflict_benign_text,Verified ML classification error under: modal_contradiction
EX05468,weighted_fusion,1,0,false_negative,visual_occlusion_low_light,Verified ML classification error under: visual_artifacts
EX05490,weighted_fusion,0,1,false_positive,reclaimed_slang_falsely_flagged,Verified ML classification error under: domain_shift
EX05565,weighted_fusion,0,1,false_positive,misinterpreted_homophone_in_asr,Verified ML classification error under: asr_drift
EX05680,weighted_fusion,0,1,false_positive,shadow_mimicking_graphic_contour,Verified ML classification error under: visual_artifacts
EX05725,weighted_fusion,1,0,false_negative,out_of_distribution_cultural_slang,Verified ML classification error under: domain_shift
EX05744,weighted_fusion,1,0,false_negative,out_of_distribution_cultural_slang,Verified ML classification error under: domain_shift
EX05761,weighted_fusion,1,0,false_negative,cross_modal_conflict_benign_text,Verified ML classification error under: modal_contradiction
EX05776,weighted_fusion,0,1,false_positive,exaggerated_emotional_voice,Verified ML classification error under: modal_contradiction
EX05794,weighted_fusion,1,0,false_negative,roman_urdu_slang_missed,Verified ML classification error under: transliteration_ambiguity
EX05813,weighted_fusion,0,1,false_positive,exaggerated_emotional_voice,Verified ML classification error under: modal_contradiction
EX05873,weighted_fusion,1,0,false_negative,cross_modal_conflict_benign_text,Verified ML classification error under: modal_contradiction
EX05889,weighted_fusion,0,1,false_positive,reclaimed_slang_falsely_flagged,Verified ML classification error under: domain_shift
EX05896,weighted_fusion,1,0,false_negative,cross_modal_conflict_benign_text,Verified ML classification error under: modal_contradiction
EX05912,weighted_fusion,0,1,false_positive,exaggerated_emotional_voice,Verified ML classification error under: modal_contradiction
EX05941,weighted_fusion,0,1,false_positive,roman_urdu_token_misclassification,Verified ML classification error under: transliteration_ambiguity
EX06013,weighted_fusion,1,0,false_negative,implicit_sarcasm_not_detected,Verified ML classification error under: sarcasm_miss
EX06025,weighted_fusion,1,0,false_negative,implicit_sarcasm_not_detected,Verified ML classification error under: sarcasm_miss
EX06033,weighted_fusion,0,1,false_positive,roman_urdu_token_misclassification,Verified ML classification error under: transliteration_ambiguity
EX06061,weighted_fusion,1,0,false_negative,roman_urdu_slang_missed,Verified ML classification error under: transliteration_ambiguity
EX06072,weighted_fusion,1,0,false_negative,visual_occlusion_low_light,Verified ML classification error under: visual_artifacts
EX06074,weighted_fusion,1,0,false_negative,audio_whisper_transcription_drift,Verified ML classification error under: asr_drift
EX06079,weighted_fusion,1,0,false_negative,cross_modal_conflict_benign_text,Verified ML classification error under: modal_contradiction
EX06088,weighted_fusion,0,1,false_positive,roman_urdu_token_misclassification,Verified ML classification error under: transliteration_ambiguity
EX06115,weighted_fusion,1,0,false_negative,roman_urdu_slang_missed,Verified ML classification error under: transliteration_ambiguity
EX06168,weighted_fusion,1,0,false_negative,visual_occlusion_low_light,Verified ML classification error under: visual_artifacts
EX06225,weighted_fusion,0,1,false_positive,roman_urdu_token_misclassification,Verified ML classification error under: transliteration_ambiguity
EX06229,weighted_fusion,1,0,false_negative,visual_occlusion_low_light,Verified ML classification error under: visual_artifacts
EX06276,weighted_fusion,1,0,false_negative,cross_modal_conflict_benign_text,Verified ML classification error under: modal_contradiction
EX06301,weighted_fusion,1,0,false_negative,roman_urdu_slang_missed,Verified ML classification error under: transliteration_ambiguity
EX06310,weighted_fusion,1,0,false_negative,audio_whisper_transcription_drift,Verified ML classification error under: asr_drift
EX06329,weighted_fusion,1,0,false_negative,out_of_distribution_cultural_slang,Verified ML classification error under: domain_shift
EX06331,weighted_fusion,0,1,false_positive,misinterpreted_homophone_in_asr,Verified ML classification error under: asr_drift
EX06351,weighted_fusion,1,0,false_negative,cross_modal_conflict_benign_text,Verified ML classification error under: modal_contradiction
EX06381,weighted_fusion,1,0,false_negative,out_of_distribution_cultural_slang,Verified ML classification error under: domain_shift
EX06382,weighted_fusion,0,1,false_positive,misinterpreted_homophone_in_asr,Verified ML classification error under: asr_drift
EX06416,weighted_fusion,0,1,false_positive,shadow_mimicking_graphic_contour,Verified ML classification error under: visual_artifacts
EX06448,weighted_fusion,1,0,false_negative,roman_urdu_slang_missed,Verified ML classification error under: transliteration_ambiguity
EX06457,weighted_fusion,0,1,false_positive,literal_interpretation_of_satire,Verified ML classification error under: sarcasm_miss
EX06471,weighted_fusion,0,1,false_positive,shadow_mimicking_graphic_contour,Verified ML classification error under: visual_artifacts
EX06527,weighted_fusion,0,1,false_positive,shadow_mimicking_graphic_contour,Verified ML classification error under: visual_artifacts
EX06563,weighted_fusion,1,0,false_negative,cross_modal_conflict_benign_text,Verified ML classification error under: modal_contradiction
EX06588,weighted_fusion,1,0,false_negative,out_of_distribution_cultural_slang,Verified ML classification error under: domain_shift
EX06590,weighted_fusion,0,1,false_positive,shadow_mimicking_graphic_contour,Verified ML classification error under: visual_artifacts
EX06598,weighted_fusion,0,1,false_positive,shadow_mimicking_graphic_contour,Verified ML classification error under: visual_artifacts
EX06699,weighted_fusion,0,1,false_positive,roman_urdu_token_misclassification,Verified ML classification error under: transliteration_ambiguity
EX06702,weighted_fusion,1,0,false_negative,audio_whisper_transcription_drift,Verified ML classification error under: asr_drift
EX06718,weighted_fusion,0,1,false_positive,exaggerated_emotional_voice,Verified ML classification error under: modal_contradiction
EX06740,weighted_fusion,0,1,false_positive,roman_urdu_token_misclassification,Verified ML classification error under: transliteration_ambiguity
EX06747,weighted_fusion,0,1,false_positive,shadow_mimicking_graphic_contour,Verified ML classification error under: visual_artifacts
EX06768,weighted_fusion,1,0,false_negative,audio_whisper_transcription_drift,Verified ML classification error under: asr_drift
EX06778,weighted_fusion,1,0,false_negative,audio_whisper_transcription_drift,Verified ML classification error under: asr_drift
EX06820,weighted_fusion,0,1,false_positive,exaggerated_emotional_voice,Verified ML classification error under: modal_contradiction
EX06829,weighted_fusion,1,0,false_negative,audio_whisper_transcription_drift,Verified ML classification error under: asr_drift
EX06838,weighted_fusion,1,0,false_negative,visual_occlusion_low_light,Verified ML classification error under: visual_artifacts
EX06851,weighted_fusion,0,1,false_positive,misinterpreted_homophone_in_asr,Verified ML classification error under: asr_drift
EX06856,weighted_fusion,0,1,false_positive,shadow_mimicking_graphic_contour,Verified ML classification error under: visual_artifacts
EX06910,weighted_fusion,1,0,false_negative,implicit_sarcasm_not_detected,Verified ML classification error under: sarcasm_miss
EX06923,weighted_fusion,1,0,false_negative,roman_urdu_slang_missed,Verified ML classification error under: transliteration_ambiguity
EX06981,weighted_fusion,0,1,false_positive,exaggerated_emotional_voice,Verified ML classification error under: modal_contradiction
EX06983,weighted_fusion,0,1,false_positive,reclaimed_slang_falsely_flagged,Verified ML classification error under: domain_shift
EX06989,weighted_fusion,1,0,false_negative,implicit_sarcasm_not_detected,Verified ML classification error under: sarcasm_miss
EX07012,weighted_fusion,0,1,false_positive,roman_urdu_token_misclassification,Verified ML classification error under: transliteration_ambiguity
EX07013,weighted_fusion,1,0,false_negative,cross_modal_conflict_benign_text,Verified ML classification error under: modal_contradiction
EX07026,weighted_fusion,1,0,false_negative,roman_urdu_slang_missed,Verified ML classification error under: transliteration_ambiguity
EX07028,weighted_fusion,1,0,false_negative,implicit_sarcasm_not_detected,Verified ML classification error under: sarcasm_miss
EX07154,weighted_fusion,1,0,false_negative,visual_occlusion_low_light,Verified ML classification error under: visual_artifacts
EX07175,weighted_fusion,0,1,false_positive,exaggerated_emotional_voice,Verified ML classification error under: modal_contradiction
EX07176,weighted_fusion,1,0,false_negative,implicit_sarcasm_not_detected,Verified ML classification error under: sarcasm_miss
EX07239,weighted_fusion,0,1,false_positive,roman_urdu_token_misclassification,Verified ML classification error under: transliteration_ambiguity
EX07292,weighted_fusion,1,0,false_negative,out_of_distribution_cultural_slang,Verified ML classification error under: domain_shift
EX07307,weighted_fusion,1,0,false_negative,cross_modal_conflict_benign_text,Verified ML classification error under: modal_contradiction
EX07386,weighted_fusion,0,1,false_positive,misinterpreted_homophone_in_asr,Verified ML classification error under: asr_drift
EX07396,weighted_fusion,0,1,false_positive,shadow_mimicking_graphic_contour,Verified ML classification error under: visual_artifacts
EX07404,weighted_fusion,0,1,false_positive,literal_interpretation_of_satire,Verified ML classification error under: sarcasm_miss
EX07491,weighted_fusion,0,1,false_positive,roman_urdu_token_misclassification,Verified ML classification error under: transliteration_ambiguity
EX07506,weighted_fusion,0,1,false_positive,reclaimed_slang_falsely_flagged,Verified ML classification error under: domain_shift
EX07517,weighted_fusion,1,0,false_negative,audio_whisper_transcription_drift,Verified ML classification error under: asr_drift
EX07560,weighted_fusion,0,1,false_positive,exaggerated_emotional_voice,Verified ML classification error under: modal_contradiction
EX07568,weighted_fusion,0,1,false_positive,misinterpreted_homophone_in_asr,Verified ML classification error under: asr_drift
EX07580,weighted_fusion,0,1,false_positive,reclaimed_slang_falsely_flagged,Verified ML classification error under: domain_shift
EX07660,weighted_fusion,0,1,false_positive,reclaimed_slang_falsely_flagged,Verified ML classification error under: domain_shift
EX07679,weighted_fusion,1,0,false_negative,visual_occlusion_low_light,Verified ML classification error under: visual_artifacts
EX07735,weighted_fusion,0,1,false_positive,exaggerated_emotional_voice,Verified ML classification error under: modal_contradiction
EX07740,weighted_fusion,1,0,false_negative,visual_occlusion_low_light,Verified ML classification error under: visual_artifacts
EX07745,weighted_fusion,1,0,false_negative,implicit_sarcasm_not_detected,Verified ML classification error under: sarcasm_miss
EX07809,weighted_fusion,1,0,false_negative,audio_whisper_transcription_drift,Verified ML classification error under: asr_drift
EX07817,weighted_fusion,1,0,false_negative,roman_urdu_slang_missed,Verified ML classification error under: transliteration_ambiguity
EX07830,weighted_fusion,0,1,false_positive,shadow_mimicking_graphic_contour,Verified ML classification error under: visual_artifacts
EX07836,weighted_fusion,0,1,false_positive,exaggerated_emotional_voice,Verified ML classification error under: modal_contradiction
EX07838,weighted_fusion,0,1,false_positive,literal_interpretation_of_satire,Verified ML classification error under: sarcasm_miss
EX07852,weighted_fusion,1,0,false_negative,implicit_sarcasm_not_detected,Verified ML classification error under: sarcasm_miss
EX07954,weighted_fusion,1,0,false_negative,roman_urdu_slang_missed,Verified ML classification error under: transliteration_ambiguity
EX07956,weighted_fusion,1,0,false_negative,visual_occlusion_low_light,Verified ML classification error under: visual_artifacts
EX07970,weighted_fusion,0,1,false_positive,shadow_mimicking_graphic_contour,Verified ML classification error under: visual_artifacts
EX07977,weighted_fusion,1,0,false_negative,out_of_distribution_cultural_slang,Verified ML classification error under: domain_shift
EX08011,weighted_fusion,1,0,false_negative,roman_urdu_slang_missed,Verified ML classification error under: transliteration_ambiguity
EX08020,weighted_fusion,1,0,false_negative,audio_whisper_transcription_drift,Verified ML classification error under: asr_drift
EX08026,weighted_fusion,1,0,false_negative,out_of_distribution_cultural_slang,Verified ML classification error under: domain_shift
EX08052,weighted_fusion,0,1,false_positive,shadow_mimicking_graphic_contour,Verified ML classification error under: visual_artifacts
EX08096,weighted_fusion,1,0,false_negative,roman_urdu_slang_missed,Verified ML classification error under: transliteration_ambiguity
EX08109,weighted_fusion,0,1,false_positive,misinterpreted_homophone_in_asr,Verified ML classification error under: asr_drift
EX08130,weighted_fusion,0,1,false_positive,literal_interpretation_of_satire,Verified ML classification error under: sarcasm_miss
EX08171,weighted_fusion,0,1,false_positive,misinterpreted_homophone_in_asr,Verified ML classification error under: asr_drift
EX08190,weighted_fusion,0,1,false_positive,literal_interpretation_of_satire,Verified ML classification error under: sarcasm_miss
EX08252,weighted_fusion,1,0,false_negative,out_of_distribution_cultural_slang,Verified ML classification error under: domain_shift
EX08261,weighted_fusion,1,0,false_negative,visual_occlusion_low_light,Verified ML classification error under: visual_artifacts
EX08284,weighted_fusion,0,1,false_positive,misinterpreted_homophone_in_asr,Verified ML classification error under: asr_drift
EX08298,weighted_fusion,1,0,false_negative,roman_urdu_slang_missed,Verified ML classification error under: transliteration_ambiguity
EX08327,weighted_fusion,0,1,false_positive,exaggerated_emotional_voice,Verified ML classification error under: modal_contradiction
EX08378,weighted_fusion,1,0,false_negative,cross_modal_conflict_benign_text,Verified ML classification error under: modal_contradiction
EX08383,weighted_fusion,1,0,false_negative,implicit_sarcasm_not_detected,Verified ML classification error under: sarcasm_miss
EX08387,weighted_fusion,0,1,false_positive,reclaimed_slang_falsely_flagged,Verified ML classification error under: domain_shift
EX08396,weighted_fusion,1,0,false_negative,out_of_distribution_cultural_slang,Verified ML classification error under: domain_shift
EX08429,weighted_fusion,0,1,false_positive,roman_urdu_token_misclassification,Verified ML classification error under: transliteration_ambiguity
EX08434,weighted_fusion,1,0,false_negative,visual_occlusion_low_light,Verified ML classification error under: visual_artifacts
EX08443,weighted_fusion,1,0,false_negative,implicit_sarcasm_not_detected,Verified ML classification error under: sarcasm_miss
EX08472,weighted_fusion,1,0,false_negative,cross_modal_conflict_benign_text,Verified ML classification error under: modal_contradiction
EX08473,weighted_fusion,0,1,false_positive,reclaimed_slang_falsely_flagged,Verified ML classification error under: domain_shift
EX08511,weighted_fusion,0,1,false_positive,shadow_mimicking_graphic_contour,Verified ML classification error under: visual_artifacts
EX08528,weighted_fusion,0,1,false_positive,roman_urdu_token_misclassification,Verified ML classification error under: transliteration_ambiguity
EX08533,weighted_fusion,0,1,false_positive,reclaimed_slang_falsely_flagged,Verified ML classification error under: domain_shift
EX08549,weighted_fusion,1,0,false_negative,visual_occlusion_low_light,Verified ML classification error under: visual_artifacts
EX08553,weighted_fusion,0,1,false_positive,roman_urdu_token_misclassification,Verified ML classification error under: transliteration_ambiguity
EX08658,weighted_fusion,1,0,false_negative,implicit_sarcasm_not_detected,Verified ML classification error under: sarcasm_miss
EX08812,weighted_fusion,0,1,false_positive,shadow_mimicking_graphic_contour,Verified ML classification error under: visual_artifacts
EX08832,weighted_fusion,0,1,false_positive,misinterpreted_homophone_in_asr,Verified ML classification error under: asr_drift
EX08838,weighted_fusion,0,1,false_positive,exaggerated_emotional_voice,Verified ML classification error under: modal_contradiction
EX08857,weighted_fusion,1,0,false_negative,roman_urdu_slang_missed,Verified ML classification error under: transliteration_ambiguity
EX08861,weighted_fusion,1,0,false_negative,visual_occlusion_low_light,Verified ML classification error under: visual_artifacts
EX08915,weighted_fusion,1,0,false_negative,out_of_distribution_cultural_slang,Verified ML classification error under: domain_shift
EX08936,weighted_fusion,0,1,false_positive,reclaimed_slang_falsely_flagged,Verified ML classification error under: domain_shift
EX09000,weighted_fusion,1,0,false_negative,out_of_distribution_cultural_slang,Verified ML classification error under: domain_shift
EX09002,weighted_fusion,1,0,false_negative,roman_urdu_slang_missed,Verified ML classification error under: transliteration_ambiguity
EX09035,weighted_fusion,0,1,false_positive,shadow_mimicking_graphic_contour,Verified ML classification error under: visual_artifacts
EX09059,weighted_fusion,0,1,false_positive,literal_interpretation_of_satire,Verified ML classification error under: sarcasm_miss
EX09074,weighted_fusion,0,1,false_positive,literal_interpretation_of_satire,Verified ML classification error under: sarcasm_miss
EX09085,weighted_fusion,0,1,false_positive,misinterpreted_homophone_in_asr,Verified ML classification error under: asr_drift
EX09139,weighted_fusion,1,0,false_negative,roman_urdu_slang_missed,Verified ML classification error under: transliteration_ambiguity
EX09146,weighted_fusion,1,0,false_negative,cross_modal_conflict_benign_text,Verified ML classification error under: modal_contradiction
EX09156,weighted_fusion,0,1,false_positive,misinterpreted_homophone_in_asr,Verified ML classification error under: asr_drift
EX09172,weighted_fusion,0,1,false_positive,roman_urdu_token_misclassification,Verified ML classification error under: transliteration_ambiguity
EX09194,weighted_fusion,0,1,false_positive,roman_urdu_token_misclassification,Verified ML classification error under: transliteration_ambiguity
EX09206,weighted_fusion,1,0,false_negative,roman_urdu_slang_missed,Verified ML classification error under: transliteration_ambiguity
EX09215,weighted_fusion,0,1,false_positive,literal_interpretation_of_satire,Verified ML classification error under: sarcasm_miss
EX09228,weighted_fusion,1,0,false_negative,audio_whisper_transcription_drift,Verified ML classification error under: asr_drift
EX09259,weighted_fusion,0,1,false_positive,literal_interpretation_of_satire,Verified ML classification error under: sarcasm_miss
EX09290,weighted_fusion,1,0,false_negative,audio_whisper_transcription_drift,Verified ML classification error under: asr_drift
EX09340,weighted_fusion,0,1,false_positive,misinterpreted_homophone_in_asr,Verified ML classification error under: asr_drift
EX09342,weighted_fusion,0,1,false_positive,roman_urdu_token_misclassification,Verified ML classification error under: transliteration_ambiguity
EX09345,weighted_fusion,1,0,false_negative,visual_occlusion_low_light,Verified ML classification error under: visual_artifacts
EX09392,weighted_fusion,0,1,false_positive,roman_urdu_token_misclassification,Verified ML classification error under: transliteration_ambiguity
EX09412,weighted_fusion,0,1,false_positive,exaggerated_emotional_voice,Verified ML classification error under: modal_contradiction
EX09426,weighted_fusion,1,0,false_negative,visual_occlusion_low_light,Verified ML classification error under: visual_artifacts
EX09460,weighted_fusion,1,0,false_negative,implicit_sarcasm_not_detected,Verified ML classification error under: sarcasm_miss
EX09485,weighted_fusion,1,0,false_negative,out_of_distribution_cultural_slang,Verified ML classification error under: domain_shift
EX09587,weighted_fusion,1,0,false_negative,audio_whisper_transcription_drift,Verified ML classification error under: asr_drift
EX09599,weighted_fusion,1,0,false_negative,roman_urdu_slang_missed,Verified ML classification error under: transliteration_ambiguity
EX09615,weighted_fusion,0,1,false_positive,roman_urdu_token_misclassification,Verified ML classification error under: transliteration_ambiguity
EX09650,weighted_fusion,1,0,false_negative,cross_modal_conflict_benign_text,Verified ML classification error under: modal_contradiction
EX09680,weighted_fusion,1,0,false_negative,visual_occlusion_low_light,Verified ML classification error under: visual_artifacts
EX09687,weighted_fusion,0,1,false_positive,shadow_mimicking_graphic_contour,Verified ML classification error under: visual_artifacts
EX09739,weighted_fusion,1,0,false_negative,roman_urdu_slang_missed,Verified ML classification error under: transliteration_ambiguity
EX09780,weighted_fusion,0,1,false_positive,misinterpreted_homophone_in_asr,Verified ML classification error under: asr_drift
EX09794,weighted_fusion,1,0,false_negative,visual_occlusion_low_light,Verified ML classification error under: visual_artifacts
EX09815,weighted_fusion,0,1,false_positive,reclaimed_slang_falsely_flagged,Verified ML classification error under: domain_shift
EX09821,weighted_fusion,0,1,false_positive,literal_interpretation_of_satire,Verified ML classification error under: sarcasm_miss
EX09832,weighted_fusion,0,1,false_positive,exaggerated_emotional_voice,Verified ML classification error under: modal_contradiction
EX09857,weighted_fusion,1,0,false_negative,roman_urdu_slang_missed,Verified ML classification error under: transliteration_ambiguity
EX09884,weighted_fusion,1,0,false_negative,visual_occlusion_low_light,Verified ML classification error under: visual_artifacts
EX09891,weighted_fusion,1,0,false_negative,roman_urdu_slang_missed,Verified ML classification error under: transliteration_ambiguity
EX09936,weighted_fusion,1,0,false_negative,cross_modal_conflict_benign_text,Verified ML classification error under: modal_contradiction
EX09942,weighted_fusion,0,1,false_positive,shadow_mimicking_graphic_contour,Verified ML classification error under: visual_artifacts
EX09959,weighted_fusion,1,0,false_negative,visual_occlusion_low_light,Verified ML classification error under: visual_artifacts
EX09970,weighted_fusion,1,0,false_negative,visual_occlusion_low_light,Verified ML classification error under: visual_artifacts
EX09989,weighted_fusion,1,0,false_negative,implicit_sarcasm_not_detected,Verified ML classification error under: sarcasm_miss
EX10111,weighted_fusion,0,1,false_positive,literal_interpretation_of_satire,Verified ML classification error under: sarcasm_miss
EX10114,weighted_fusion,1,0,false_negative,audio_whisper_transcription_drift,Verified ML classification error under: asr_drift
EX10117,weighted_fusion,1,0,false_negative,cross_modal_conflict_benign_text,Verified ML classification error under: modal_contradiction
EX10121,weighted_fusion,0,1,false_positive,literal_interpretation_of_satire,Verified ML classification error under: sarcasm_miss
EX10132,weighted_fusion,0,1,false_positive,shadow_mimicking_graphic_contour,Verified ML classification error under: visual_artifacts
EX10135,weighted_fusion,1,0,false_negative,roman_urdu_slang_missed,Verified ML classification error under: transliteration_ambiguity
EX10136,weighted_fusion,0,1,false_positive,exaggerated_emotional_voice,Verified ML classification error under: modal_contradiction
EX10200,weighted_fusion,0,1,false_positive,exaggerated_emotional_voice,Verified ML classification error under: modal_contradiction
EX10234,weighted_fusion,0,1,false_positive,misinterpreted_homophone_in_asr,Verified ML classification error under: asr_drift
EX10340,weighted_fusion,0,1,false_positive,exaggerated_emotional_voice,Verified ML classification error under: modal_contradiction
EX10358,weighted_fusion,0,1,false_positive,misinterpreted_homophone_in_asr,Verified ML classification error under: asr_drift
EX10375,weighted_fusion,0,1,false_positive,reclaimed_slang_falsely_flagged,Verified ML classification error under: domain_shift
EX10391,weighted_fusion,0,1,false_positive,reclaimed_slang_falsely_flagged,Verified ML classification error under: domain_shift
EX10398,weighted_fusion,1,0,false_negative,implicit_sarcasm_not_detected,Verified ML classification error under: sarcasm_miss
EX10444,weighted_fusion,0,1,false_positive,roman_urdu_token_misclassification,Verified ML classification error under: transliteration_ambiguity
EX10490,weighted_fusion,0,1,false_positive,literal_interpretation_of_satire,Verified ML classification error under: sarcasm_miss
EX10495,weighted_fusion,0,1,false_positive,exaggerated_emotional_voice,Verified ML classification error under: modal_contradiction
EX10499,weighted_fusion,0,1,false_positive,reclaimed_slang_falsely_flagged,Verified ML classification error under: domain_shift
EX10509,weighted_fusion,1,0,false_negative,out_of_distribution_cultural_slang,Verified ML classification error under: domain_shift
EX10519,weighted_fusion,1,0,false_negative,out_of_distribution_cultural_slang,Verified ML classification error under: domain_shift
EX10524,weighted_fusion,1,0,false_negative,audio_whisper_transcription_drift,Verified ML classification error under: asr_drift
EX10548,weighted_fusion,1,0,false_negative,implicit_sarcasm_not_detected,Verified ML classification error under: sarcasm_miss
EX10568,weighted_fusion,1,0,false_negative,audio_whisper_transcription_drift,Verified ML classification error under: asr_drift
EX10582,weighted_fusion,1,0,false_negative,cross_modal_conflict_benign_text,Verified ML classification error under: modal_contradiction
EX10596,weighted_fusion,1,0,false_negative,implicit_sarcasm_not_detected,Verified ML classification error under: sarcasm_miss
EX10635,weighted_fusion,0,1,false_positive,roman_urdu_token_misclassification,Verified ML classification error under: transliteration_ambiguity
EX10651,weighted_fusion,0,1,false_positive,reclaimed_slang_falsely_flagged,Verified ML classification error under: domain_shift
EX10656,weighted_fusion,1,0,false_negative,cross_modal_conflict_benign_text,Verified ML classification error under: modal_contradiction
EX10682,weighted_fusion,1,0,false_negative,roman_urdu_slang_missed,Verified ML classification error under: transliteration_ambiguity
EX10834,weighted_fusion,1,0,false_negative,roman_urdu_slang_missed,Verified ML classification error under: transliteration_ambiguity
EX10841,weighted_fusion,1,0,false_negative,visual_occlusion_low_light,Verified ML classification error under: visual_artifacts
EX10856,weighted_fusion,1,0,false_negative,roman_urdu_slang_missed,Verified ML classification error under: transliteration_ambiguity
EX10865,weighted_fusion,1,0,false_negative,visual_occlusion_low_light,Verified ML classification error under: visual_artifacts
EX10877,weighted_fusion,0,1,false_positive,reclaimed_slang_falsely_flagged,Verified ML classification error under: domain_shift
EX10911,weighted_fusion,0,1,false_positive,roman_urdu_token_misclassification,Verified ML classification error under: transliteration_ambiguity
EX10981,weighted_fusion,0,1,false_positive,misinterpreted_homophone_in_asr,Verified ML classification error under: asr_drift
EX10993,weighted_fusion,1,0,false_negative,cross_modal_conflict_benign_text,Verified ML classification error under: modal_contradiction
EX11009,weighted_fusion,1,0,false_negative,audio_whisper_transcription_drift,Verified ML classification error under: asr_drift
EX11024,weighted_fusion,0,1,false_positive,roman_urdu_token_misclassification,Verified ML classification error under: transliteration_ambiguity
EX11028,weighted_fusion,0,1,false_positive,misinterpreted_homophone_in_asr,Verified ML classification error under: asr_drift
EX11058,weighted_fusion,1,0,false_negative,visual_occlusion_low_light,Verified ML classification error under: visual_artifacts
EX11101,weighted_fusion,1,0,false_negative,out_of_distribution_cultural_slang,Verified ML classification error under: domain_shift
EX11111,weighted_fusion,1,0,false_negative,roman_urdu_slang_missed,Verified ML classification error under: transliteration_ambiguity
EX11119,weighted_fusion,1,0,false_negative,out_of_distribution_cultural_slang,Verified ML classification error under: domain_shift
EX11131,weighted_fusion,1,0,false_negative,out_of_distribution_cultural_slang,Verified ML classification error under: domain_shift
EX11215,weighted_fusion,1,0,false_negative,cross_modal_conflict_benign_text,Verified ML classification error under: modal_contradiction
EX11255,weighted_fusion,0,1,false_positive,roman_urdu_token_misclassification,Verified ML classification error under: transliteration_ambiguity
EX11319,weighted_fusion,0,1,false_positive,misinterpreted_homophone_in_asr,Verified ML classification error under: asr_drift
EX11341,weighted_fusion,1,0,false_negative,audio_whisper_transcription_drift,Verified ML classification error under: asr_drift
EX11380,weighted_fusion,0,1,false_positive,literal_interpretation_of_satire,Verified ML classification error under: sarcasm_miss
EX11448,weighted_fusion,0,1,false_positive,reclaimed_slang_falsely_flagged,Verified ML classification error under: domain_shift
EX11480,weighted_fusion,0,1,false_positive,literal_interpretation_of_satire,Verified ML classification error under: sarcasm_miss
EX11484,weighted_fusion,0,1,false_positive,shadow_mimicking_graphic_contour,Verified ML classification error under: visual_artifacts
EX11489,weighted_fusion,1,0,false_negative,cross_modal_conflict_benign_text,Verified ML classification error under: modal_contradiction
EX11492,weighted_fusion,0,1,false_positive,misinterpreted_homophone_in_asr,Verified ML classification error under: asr_drift
EX11502,weighted_fusion,1,0,false_negative,visual_occlusion_low_light,Verified ML classification error under: visual_artifacts
EX11555,weighted_fusion,0,1,false_positive,misinterpreted_homophone_in_asr,Verified ML classification error under: asr_drift
EX11565,weighted_fusion,0,1,false_positive,shadow_mimicking_graphic_contour,Verified ML classification error under: visual_artifacts
EX11603,weighted_fusion,1,0,false_negative,cross_modal_conflict_benign_text,Verified ML classification error under: modal_contradiction
EX11604,weighted_fusion,1,0,false_negative,audio_whisper_transcription_drift,Verified ML classification error under: asr_drift
EX11608,weighted_fusion,0,1,false_positive,shadow_mimicking_graphic_contour,Verified ML classification error under: visual_artifacts
EX11629,weighted_fusion,0,1,false_positive,literal_interpretation_of_satire,Verified ML classification error under: sarcasm_miss
EX11655,weighted_fusion,0,1,false_positive,shadow_mimicking_graphic_contour,Verified ML classification error under: visual_artifacts
EX11672,weighted_fusion,1,0,false_negative,visual_occlusion_low_light,Verified ML classification error under: visual_artifacts
EX11726,weighted_fusion,0,1,false_positive,shadow_mimicking_graphic_contour,Verified ML classification error under: visual_artifacts
EX11770,weighted_fusion,1,0,false_negative,cross_modal_conflict_benign_text,Verified ML classification error under: modal_contradiction
EX11862,weighted_fusion,0,1,false_positive,exaggerated_emotional_voice,Verified ML classification error under: modal_contradiction
EX11863,weighted_fusion,1,0,false_negative,visual_occlusion_low_light,Verified ML classification error under: visual_artifacts
EX11868,weighted_fusion,1,0,false_negative,out_of_distribution_cultural_slang,Verified ML classification error under: domain_shift
EX11884,weighted_fusion,1,0,false_negative,implicit_sarcasm_not_detected,Verified ML classification error under: sarcasm_miss
EX11893,weighted_fusion,0,1,false_positive,misinterpreted_homophone_in_asr,Verified ML classification error under: asr_drift
EX11971,weighted_fusion,0,1,false_positive,misinterpreted_homophone_in_asr,Verified ML classification error under: asr_drift
EX11980,weighted_fusion,1,0,false_negative,roman_urdu_slang_missed,Verified ML classification error under: transliteration_ambiguity
EX11993,weighted_fusion,0,1,false_positive,misinterpreted_homophone_in_asr,Verified ML classification error under: asr_drift
EX12024,weighted_fusion,1,0,false_negative,visual_occlusion_low_light,Verified ML classification error under: visual_artifacts
EX12050,weighted_fusion,1,0,false_negative,cross_modal_conflict_benign_text,Verified ML classification error under: modal_contradiction
EX12051,weighted_fusion,0,1,false_positive,misinterpreted_homophone_in_asr,Verified ML classification error under: asr_drift
EX12064,weighted_fusion,1,0,false_negative,implicit_sarcasm_not_detected,Verified ML classification error under: sarcasm_miss
EX12089,weighted_fusion,1,0,false_negative,roman_urdu_slang_missed,Verified ML classification error under: transliteration_ambiguity
EX12110,weighted_fusion,1,0,false_negative,implicit_sarcasm_not_detected,Verified ML classification error under: sarcasm_miss
EX12140,weighted_fusion,1,0,false_negative,implicit_sarcasm_not_detected,Verified ML classification error under: sarcasm_miss
EX12142,weighted_fusion,0,1,false_positive,roman_urdu_token_misclassification,Verified ML classification error under: transliteration_ambiguity
EX12150,weighted_fusion,1,0,false_negative,audio_whisper_transcription_drift,Verified ML classification error under: asr_drift
EX12178,weighted_fusion,1,0,false_negative,out_of_distribution_cultural_slang,Verified ML classification error under: domain_shift
EX12241,weighted_fusion,1,0,false_negative,cross_modal_conflict_benign_text,Verified ML classification error under: modal_contradiction
EX12318,weighted_fusion,1,0,false_negative,audio_whisper_transcription_drift,Verified ML classification error under: asr_drift
EX12333,weighted_fusion,0,1,false_positive,roman_urdu_token_misclassification,Verified ML classification error under: transliteration_ambiguity
EX12338,weighted_fusion,0,1,false_positive,literal_interpretation_of_satire,Verified ML classification error under: sarcasm_miss
EX12379,weighted_fusion,1,0,false_negative,cross_modal_conflict_benign_text,Verified ML classification error under: modal_contradiction
EX12380,weighted_fusion,0,1,false_positive,exaggerated_emotional_voice,Verified ML classification error under: modal_contradiction
EX12393,weighted_fusion,1,0,false_negative,implicit_sarcasm_not_detected,Verified ML classification error under: sarcasm_miss
EX12447,weighted_fusion,1,0,false_negative,audio_whisper_transcription_drift,Verified ML classification error under: asr_drift
EX12474,weighted_fusion,1,0,false_negative,roman_urdu_slang_missed,Verified ML classification error under: transliteration_ambiguity
EX12483,weighted_fusion,1,0,false_negative,audio_whisper_transcription_drift,Verified ML classification error under: asr_drift
EX12486,weighted_fusion,1,0,false_negative,visual_occlusion_low_light,Verified ML classification error under: visual_artifacts
EX12536,weighted_fusion,0,1,false_positive,literal_interpretation_of_satire,Verified ML classification error under: sarcasm_miss
EX12538,weighted_fusion,1,0,false_negative,out_of_distribution_cultural_slang,Verified ML classification error under: domain_shift
EX12557,weighted_fusion,0,1,false_positive,literal_interpretation_of_satire,Verified ML classification error under: sarcasm_miss
EX12561,weighted_fusion,0,1,false_positive,roman_urdu_token_misclassification,Verified ML classification error under: transliteration_ambiguity
EX12564,weighted_fusion,1,0,false_negative,out_of_distribution_cultural_slang,Verified ML classification error under: domain_shift
EX12566,weighted_fusion,1,0,false_negative,implicit_sarcasm_not_detected,Verified ML classification error under: sarcasm_miss
EX12608,weighted_fusion,0,1,false_positive,exaggerated_emotional_voice,Verified ML classification error under: modal_contradiction
EX12626,weighted_fusion,0,1,false_positive,shadow_mimicking_graphic_contour,Verified ML classification error under: visual_artifacts
EX12636,weighted_fusion,1,0,false_negative,implicit_sarcasm_not_detected,Verified ML classification error under: sarcasm_miss
EX12651,weighted_fusion,1,0,false_negative,cross_modal_conflict_benign_text,Verified ML classification error under: modal_contradiction
EX12662,weighted_fusion,1,0,false_negative,audio_whisper_transcription_drift,Verified ML classification error under: asr_drift
EX12684,weighted_fusion,1,0,false_negative,implicit_sarcasm_not_detected,Verified ML classification error under: sarcasm_miss
EX12693,weighted_fusion,1,0,false_negative,implicit_sarcasm_not_detected,Verified ML classification error under: sarcasm_miss
EX12701,weighted_fusion,0,1,false_positive,misinterpreted_homophone_in_asr,Verified ML classification error under: asr_drift
EX12745,weighted_fusion,1,0,false_negative,audio_whisper_transcription_drift,Verified ML classification error under: asr_drift
EX12779,weighted_fusion,0,1,false_positive,shadow_mimicking_graphic_contour,Verified ML classification error under: visual_artifacts
EX12811,weighted_fusion,1,0,false_negative,cross_modal_conflict_benign_text,Verified ML classification error under: modal_contradiction
EX12822,weighted_fusion,1,0,false_negative,visual_occlusion_low_light,Verified ML classification error under: visual_artifacts
EX12833,weighted_fusion,1,0,false_negative,roman_urdu_slang_missed,Verified ML classification error under: transliteration_ambiguity
EX12866,weighted_fusion,0,1,false_positive,shadow_mimicking_graphic_contour,Verified ML classification error under: visual_artifacts
EX12867,weighted_fusion,0,1,false_positive,exaggerated_emotional_voice,Verified ML classification error under: modal_contradiction
EX12892,weighted_fusion,1,0,false_negative,roman_urdu_slang_missed,Verified ML classification error under: transliteration_ambiguity
EX12978,weighted_fusion,1,0,false_negative,roman_urdu_slang_missed,Verified ML classification error under: transliteration_ambiguity
EX12994,weighted_fusion,0,1,false_positive,roman_urdu_token_misclassification,Verified ML classification error under: transliteration_ambiguity
EX12998,weighted_fusion,0,1,false_positive,exaggerated_emotional_voice,Verified ML classification error under: modal_contradiction
EX13004,weighted_fusion,1,0,false_negative,audio_whisper_transcription_drift,Verified ML classification error under: asr_drift
EX13005,weighted_fusion,1,0,false_negative,cross_modal_conflict_benign_text,Verified ML classification error under: modal_contradiction
EX13038,weighted_fusion,0,1,false_positive,shadow_mimicking_graphic_contour,Verified ML classification error under: visual_artifacts
EX13042,weighted_fusion,1,0,false_negative,cross_modal_conflict_benign_text,Verified ML classification error under: modal_contradiction
EX13060,weighted_fusion,0,1,false_positive,reclaimed_slang_falsely_flagged,Verified ML classification error under: domain_shift
EX13082,weighted_fusion,1,0,false_negative,audio_whisper_transcription_drift,Verified ML classification error under: asr_drift
EX13088,weighted_fusion,1,0,false_negative,visual_occlusion_low_light,Verified ML classification error under: visual_artifacts
EX13111,weighted_fusion,0,1,false_positive,exaggerated_emotional_voice,Verified ML classification error under: modal_contradiction
EX13133,weighted_fusion,1,0,false_negative,visual_occlusion_low_light,Verified ML classification error under: visual_artifacts
EX13139,weighted_fusion,0,1,false_positive,shadow_mimicking_graphic_contour,Verified ML classification error under: visual_artifacts
EX13153,weighted_fusion,0,1,false_positive,exaggerated_emotional_voice,Verified ML classification error under: modal_contradiction
EX13162,weighted_fusion,0,1,false_positive,exaggerated_emotional_voice,Verified ML classification error under: modal_contradiction
EX13192,weighted_fusion,0,1,false_positive,literal_interpretation_of_satire,Verified ML classification error under: sarcasm_miss
EX13238,weighted_fusion,1,0,false_negative,cross_modal_conflict_benign_text,Verified ML classification error under: modal_contradiction
EX13269,weighted_fusion,1,0,false_negative,visual_occlusion_low_light,Verified ML classification error under: visual_artifacts
EX13313,weighted_fusion,1,0,false_negative,audio_whisper_transcription_drift,Verified ML classification error under: asr_drift
EX13315,weighted_fusion,0,1,false_positive,shadow_mimicking_graphic_contour,Verified ML classification error under: visual_artifacts
EX13320,weighted_fusion,0,1,false_positive,roman_urdu_token_misclassification,Verified ML classification error under: transliteration_ambiguity
EX13331,weighted_fusion,1,0,false_negative,out_of_distribution_cultural_slang,Verified ML classification error under: domain_shift
EX13342,weighted_fusion,0,1,false_positive,reclaimed_slang_falsely_flagged,Verified ML classification error under: domain_shift
EX13491,weighted_fusion,1,0,false_negative,implicit_sarcasm_not_detected,Verified ML classification error under: sarcasm_miss
EX13523,weighted_fusion,1,0,false_negative,implicit_sarcasm_not_detected,Verified ML classification error under: sarcasm_miss
EX13542,weighted_fusion,0,1,false_positive,reclaimed_slang_falsely_flagged,Verified ML classification error under: domain_shift
EX13573,weighted_fusion,0,1,false_positive,shadow_mimicking_graphic_contour,Verified ML classification error under: visual_artifacts
EX13622,weighted_fusion,0,1,false_positive,roman_urdu_token_misclassification,Verified ML classification error under: transliteration_ambiguity
EX13650,weighted_fusion,0,1,false_positive,misinterpreted_homophone_in_asr,Verified ML classification error under: asr_drift
EX13726,weighted_fusion,1,0,false_negative,visual_occlusion_low_light,Verified ML classification error under: visual_artifacts
EX13738,weighted_fusion,1,0,false_negative,out_of_distribution_cultural_slang,Verified ML classification error under: domain_shift
EX13751,weighted_fusion,0,1,false_positive,literal_interpretation_of_satire,Verified ML classification error under: sarcasm_miss
EX13779,weighted_fusion,1,0,false_negative,implicit_sarcasm_not_detected,Verified ML classification error under: sarcasm_miss
EX13789,weighted_fusion,1,0,false_negative,roman_urdu_slang_missed,Verified ML classification error under: transliteration_ambiguity
EX13804,weighted_fusion,1,0,false_negative,roman_urdu_slang_missed,Verified ML classification error under: transliteration_ambiguity
EX13829,weighted_fusion,0,1,false_positive,misinterpreted_homophone_in_asr,Verified ML classification error under: asr_drift
EX13841,weighted_fusion,0,1,false_positive,literal_interpretation_of_satire,Verified ML classification error under: sarcasm_miss
EX13844,weighted_fusion,0,1,false_positive,reclaimed_slang_falsely_flagged,Verified ML classification error under: domain_shift
EX13892,weighted_fusion,1,0,false_negative,roman_urdu_slang_missed,Verified ML classification error under: transliteration_ambiguity
EX14016,weighted_fusion,0,1,false_positive,misinterpreted_homophone_in_asr,Verified ML classification error under: asr_drift
EX14053,weighted_fusion,0,1,false_positive,misinterpreted_homophone_in_asr,Verified ML classification error under: asr_drift
EX14055,weighted_fusion,0,1,false_positive,shadow_mimicking_graphic_contour,Verified ML classification error under: visual_artifacts
EX14075,weighted_fusion,1,0,false_negative,implicit_sarcasm_not_detected,Verified ML classification error under: sarcasm_miss
EX14097,weighted_fusion,0,1,false_positive,roman_urdu_token_misclassification,Verified ML classification error under: transliteration_ambiguity
EX14137,weighted_fusion,0,1,false_positive,roman_urdu_token_misclassification,Verified ML classification error under: transliteration_ambiguity
EX14142,weighted_fusion,0,1,false_positive,exaggerated_emotional_voice,Verified ML classification error under: modal_contradiction
EX14153,weighted_fusion,1,0,false_negative,implicit_sarcasm_not_detected,Verified ML classification error under: sarcasm_miss
EX14194,weighted_fusion,0,1,false_positive,roman_urdu_token_misclassification,Verified ML classification error under: transliteration_ambiguity
EX14196,weighted_fusion,1,0,false_negative,cross_modal_conflict_benign_text,Verified ML classification error under: modal_contradiction
EX14213,weighted_fusion,0,1,false_positive,literal_interpretation_of_satire,Verified ML classification error under: sarcasm_miss
EX14219,weighted_fusion,1,0,false_negative,roman_urdu_slang_missed,Verified ML classification error under: transliteration_ambiguity
EX14239,weighted_fusion,1,0,false_negative,out_of_distribution_cultural_slang,Verified ML classification error under: domain_shift
EX14265,weighted_fusion,0,1,false_positive,exaggerated_emotional_voice,Verified ML classification error under: modal_contradiction
EX14332,weighted_fusion,0,1,false_positive,literal_interpretation_of_satire,Verified ML classification error under: sarcasm_miss
EX14387,weighted_fusion,1,0,false_negative,implicit_sarcasm_not_detected,Verified ML classification error under: sarcasm_miss
EX14395,weighted_fusion,0,1,false_positive,exaggerated_emotional_voice,Verified ML classification error under: modal_contradiction
EX14407,weighted_fusion,0,1,false_positive,reclaimed_slang_falsely_flagged,Verified ML classification error under: domain_shift
EX14434,weighted_fusion,0,1,false_positive,shadow_mimicking_graphic_contour,Verified ML classification error under: visual_artifacts
EX14454,weighted_fusion,0,1,false_positive,reclaimed_slang_falsely_flagged,Verified ML classification error under: domain_shift
EX14466,weighted_fusion,1,0,false_negative,roman_urdu_slang_missed,Verified ML classification error under: transliteration_ambiguity
EX14493,weighted_fusion,0,1,false_positive,reclaimed_slang_falsely_flagged,Verified ML classification error under: domain_shift
EX14504,weighted_fusion,0,1,false_positive,misinterpreted_homophone_in_asr,Verified ML classification error under: asr_drift
EX14535,weighted_fusion,0,1,false_positive,exaggerated_emotional_voice,Verified ML classification error under: modal_contradiction
EX14612,weighted_fusion,0,1,false_positive,reclaimed_slang_falsely_flagged,Verified ML classification error under: domain_shift
EX14625,weighted_fusion,0,1,false_positive,exaggerated_emotional_voice,Verified ML classification error under: modal_contradiction
EX14631,weighted_fusion,1,0,false_negative,audio_whisper_transcription_drift,Verified ML classification error under: asr_drift
EX14637,weighted_fusion,0,1,false_positive,literal_interpretation_of_satire,Verified ML classification error under: sarcasm_miss
EX14656,weighted_fusion,1,0,false_negative,implicit_sarcasm_not_detected,Verified ML classification error under: sarcasm_miss
EX14666,weighted_fusion,1,0,false_negative,cross_modal_conflict_benign_text,Verified ML classification error under: modal_contradiction
EX14680,weighted_fusion,0,1,false_positive,reclaimed_slang_falsely_flagged,Verified ML classification error under: domain_shift
EX14686,weighted_fusion,1,0,false_negative,roman_urdu_slang_missed,Verified ML classification error under: transliteration_ambiguity
EX14705,weighted_fusion,1,0,false_negative,audio_whisper_transcription_drift,Verified ML classification error under: asr_drift
EX14718,weighted_fusion,0,1,false_positive,literal_interpretation_of_satire,Verified ML classification error under: sarcasm_miss
EX14728,weighted_fusion,1,0,false_negative,visual_occlusion_low_light,Verified ML classification error under: visual_artifacts
EX14736,weighted_fusion,1,0,false_negative,audio_whisper_transcription_drift,Verified ML classification error under: asr_drift
EX14753,weighted_fusion,0,1,false_positive,roman_urdu_token_misclassification,Verified ML classification error under: transliteration_ambiguity
EX14796,weighted_fusion,1,0,false_negative,out_of_distribution_cultural_slang,Verified ML classification error under: domain_shift
EX14805,weighted_fusion,0,1,false_positive,shadow_mimicking_graphic_contour,Verified ML classification error under: visual_artifacts
EX14894,weighted_fusion,1,0,false_negative,out_of_distribution_cultural_slang,Verified ML classification error under: domain_shift
EX14903,weighted_fusion,1,0,false_negative,visual_occlusion_low_light,Verified ML classification error under: visual_artifacts
EX14942,weighted_fusion,1,0,false_negative,visual_occlusion_low_light,Verified ML classification error under: visual_artifacts
EX14943,weighted_fusion,1,0,false_negative,out_of_distribution_cultural_slang,Verified ML classification error under: domain_shift
EX14976,weighted_fusion,1,0,false_negative,implicit_sarcasm_not_detected,Verified ML classification error under: sarcasm_miss
EX15075,weighted_fusion,1,0,false_negative,out_of_distribution_cultural_slang,Verified ML classification error under: domain_shift
EX15095,weighted_fusion,0,1,false_positive,literal_interpretation_of_satire,Verified ML classification error under: sarcasm_miss
EX15119,weighted_fusion,1,0,false_negative,visual_occlusion_low_light,Verified ML classification error under: visual_artifacts
EX15137,weighted_fusion,0,1,false_positive,roman_urdu_token_misclassification,Verified ML classification error under: transliteration_ambiguity
EX15154,weighted_fusion,0,1,false_positive,shadow_mimicking_graphic_contour,Verified ML classification error under: visual_artifacts
EX15170,weighted_fusion,1,0,false_negative,out_of_distribution_cultural_slang,Verified ML classification error under: domain_shift
EX15177,weighted_fusion,1,0,false_negative,roman_urdu_slang_missed,Verified ML classification error under: transliteration_ambiguity
EX15192,weighted_fusion,1,0,false_negative,audio_whisper_transcription_drift,Verified ML classification error under: asr_drift
EX15194,weighted_fusion,0,1,false_positive,exaggerated_emotional_voice,Verified ML classification error under: modal_contradiction
EX15199,weighted_fusion,1,0,false_negative,visual_occlusion_low_light,Verified ML classification error under: visual_artifacts
EX15221,weighted_fusion,1,0,false_negative,out_of_distribution_cultural_slang,Verified ML classification error under: domain_shift
EX15230,weighted_fusion,1,0,false_negative,implicit_sarcasm_not_detected,Verified ML classification error under: sarcasm_miss
EX15249,weighted_fusion,0,1,false_positive,literal_interpretation_of_satire,Verified ML classification error under: sarcasm_miss
EX15276,weighted_fusion,0,1,false_positive,misinterpreted_homophone_in_asr,Verified ML classification error under: asr_drift
EX15295,weighted_fusion,1,0,false_negative,roman_urdu_slang_missed,Verified ML classification error under: transliteration_ambiguity
EX15313,weighted_fusion,1,0,false_negative,visual_occlusion_low_light,Verified ML classification error under: visual_artifacts
EX15403,weighted_fusion,1,0,false_negative,implicit_sarcasm_not_detected,Verified ML classification error under: sarcasm_miss
EX15411,weighted_fusion,0,1,false_positive,roman_urdu_token_misclassification,Verified ML classification error under: transliteration_ambiguity
EX15444,weighted_fusion,0,1,false_positive,misinterpreted_homophone_in_asr,Verified ML classification error under: asr_drift
EX15493,weighted_fusion,0,1,false_positive,roman_urdu_token_misclassification,Verified ML classification error under: transliteration_ambiguity
EX15502,weighted_fusion,0,1,false_positive,roman_urdu_token_misclassification,Verified ML classification error under: transliteration_ambiguity
EX15507,weighted_fusion,0,1,false_positive,reclaimed_slang_falsely_flagged,Verified ML classification error under: domain_shift
EX15536,weighted_fusion,1,0,false_negative,roman_urdu_slang_missed,Verified ML classification error under: transliteration_ambiguity
EX15549,weighted_fusion,1,0,false_negative,visual_occlusion_low_light,Verified ML classification error under: visual_artifacts
EX15626,weighted_fusion,0,1,false_positive,exaggerated_emotional_voice,Verified ML classification error under: modal_contradiction
EX15665,weighted_fusion,0,1,false_positive,reclaimed_slang_falsely_flagged,Verified ML classification error under: domain_shift
EX15694,weighted_fusion,0,1,false_positive,exaggerated_emotional_voice,Verified ML classification error under: modal_contradiction
EX15721,weighted_fusion,0,1,false_positive,misinterpreted_homophone_in_asr,Verified ML classification error under: asr_drift
EX15722,weighted_fusion,0,1,false_positive,roman_urdu_token_misclassification,Verified ML classification error under: transliteration_ambiguity
EX15761,weighted_fusion,0,1,false_positive,exaggerated_emotional_voice,Verified ML classification error under: modal_contradiction
EX15769,weighted_fusion,1,0,false_negative,audio_whisper_transcription_drift,Verified ML classification error under: asr_drift
EX15818,weighted_fusion,1,0,false_negative,roman_urdu_slang_missed,Verified ML classification error under: transliteration_ambiguity
EX15830,weighted_fusion,1,0,false_negative,roman_urdu_slang_missed,Verified ML classification error under: transliteration_ambiguity
EX15853,weighted_fusion,1,0,false_negative,out_of_distribution_cultural_slang,Verified ML classification error under: domain_shift
EX15871,weighted_fusion,1,0,false_negative,audio_whisper_transcription_drift,Verified ML classification error under: asr_drift
EX15887,weighted_fusion,0,1,false_positive,reclaimed_slang_falsely_flagged,Verified ML classification error under: domain_shift
EX15920,weighted_fusion,1,0,false_negative,cross_modal_conflict_benign_text,Verified ML classification error under: modal_contradiction
EX15964,weighted_fusion,1,0,false_negative,out_of_distribution_cultural_slang,Verified ML classification error under: domain_shift
EX15974,weighted_fusion,0,1,false_positive,shadow_mimicking_graphic_contour,Verified ML classification error under: visual_artifacts
EX16000,weighted_fusion,1,0,false_negative,roman_urdu_slang_missed,Verified ML classification error under: transliteration_ambiguity
EX16042,weighted_fusion,0,1,false_positive,shadow_mimicking_graphic_contour,Verified ML classification error under: visual_artifacts
EX16058,weighted_fusion,1,0,false_negative,roman_urdu_slang_missed,Verified ML classification error under: transliteration_ambiguity
EX16109,weighted_fusion,1,0,false_negative,visual_occlusion_low_light,Verified ML classification error under: visual_artifacts
EX16113,weighted_fusion,0,1,false_positive,roman_urdu_token_misclassification,Verified ML classification error under: transliteration_ambiguity
EX16124,weighted_fusion,1,0,false_negative,audio_whisper_transcription_drift,Verified ML classification error under: asr_drift
EX16159,weighted_fusion,1,0,false_negative,audio_whisper_transcription_drift,Verified ML classification error under: asr_drift
EX16179,weighted_fusion,0,1,false_positive,literal_interpretation_of_satire,Verified ML classification error under: sarcasm_miss
EX16197,weighted_fusion,1,0,false_negative,audio_whisper_transcription_drift,Verified ML classification error under: asr_drift
EX16223,weighted_fusion,0,1,false_positive,shadow_mimicking_graphic_contour,Verified ML classification error under: visual_artifacts
EX16235,weighted_fusion,1,0,false_negative,roman_urdu_slang_missed,Verified ML classification error under: transliteration_ambiguity
EX16239,weighted_fusion,0,1,false_positive,shadow_mimicking_graphic_contour,Verified ML classification error under: visual_artifacts
EX16242,weighted_fusion,0,1,false_positive,literal_interpretation_of_satire,Verified ML classification error under: sarcasm_miss
EX16252,weighted_fusion,1,0,false_negative,visual_occlusion_low_light,Verified ML classification error under: visual_artifacts
EX16283,weighted_fusion,1,0,false_negative,implicit_sarcasm_not_detected,Verified ML classification error under: sarcasm_miss
EX16301,weighted_fusion,1,0,false_negative,audio_whisper_transcription_drift,Verified ML classification error under: asr_drift
EX16314,weighted_fusion,0,1,false_positive,reclaimed_slang_falsely_flagged,Verified ML classification error under: domain_shift
EX16337,weighted_fusion,1,0,false_negative,audio_whisper_transcription_drift,Verified ML classification error under: asr_drift
EX16351,weighted_fusion,1,0,false_negative,cross_modal_conflict_benign_text,Verified ML classification error under: modal_contradiction
EX16419,weighted_fusion,1,0,false_negative,visual_occlusion_low_light,Verified ML classification error under: visual_artifacts
EX16427,weighted_fusion,1,0,false_negative,visual_occlusion_low_light,Verified ML classification error under: visual_artifacts
EX16431,weighted_fusion,0,1,false_positive,reclaimed_slang_falsely_flagged,Verified ML classification error under: domain_shift
EX16438,weighted_fusion,1,0,false_negative,implicit_sarcasm_not_detected,Verified ML classification error under: sarcasm_miss
EX16440,weighted_fusion,0,1,false_positive,roman_urdu_token_misclassification,Verified ML classification error under: transliteration_ambiguity
EX16468,weighted_fusion,0,1,false_positive,roman_urdu_token_misclassification,Verified ML classification error under: transliteration_ambiguity
EX16491,weighted_fusion,0,1,false_positive,literal_interpretation_of_satire,Verified ML classification error under: sarcasm_miss
EX16528,weighted_fusion,0,1,false_positive,exaggerated_emotional_voice,Verified ML classification error under: modal_contradiction
EX16563,weighted_fusion,0,1,false_positive,reclaimed_slang_falsely_flagged,Verified ML classification error under: domain_shift
EX16597,weighted_fusion,0,1,false_positive,reclaimed_slang_falsely_flagged,Verified ML classification error under: domain_shift
EX16609,weighted_fusion,1,0,false_negative,cross_modal_conflict_benign_text,Verified ML classification error under: modal_contradiction
EX16675,weighted_fusion,1,0,false_negative,implicit_sarcasm_not_detected,Verified ML classification error under: sarcasm_miss
EX16676,weighted_fusion,1,0,false_negative,roman_urdu_slang_missed,Verified ML classification error under: transliteration_ambiguity
EX16735,weighted_fusion,1,0,false_negative,out_of_distribution_cultural_slang,Verified ML classification error under: domain_shift
EX16759,weighted_fusion,1,0,false_negative,roman_urdu_slang_missed,Verified ML classification error under: transliteration_ambiguity
EX16760,weighted_fusion,1,0,false_negative,cross_modal_conflict_benign_text,Verified ML classification error under: modal_contradiction
EX16786,weighted_fusion,1,0,false_negative,cross_modal_conflict_benign_text,Verified ML classification error under: modal_contradiction
EX16844,weighted_fusion,0,1,false_positive,reclaimed_slang_falsely_flagged,Verified ML classification error under: domain_shift
EX16889,weighted_fusion,0,1,false_positive,roman_urdu_token_misclassification,Verified ML classification error under: transliteration_ambiguity
EX16897,weighted_fusion,0,1,false_positive,shadow_mimicking_graphic_contour,Verified ML classification error under: visual_artifacts
EX16911,weighted_fusion,1,0,false_negative,visual_occlusion_low_light,Verified ML classification error under: visual_artifacts
EX16970,weighted_fusion,0,1,false_positive,shadow_mimicking_graphic_contour,Verified ML classification error under: visual_artifacts
EX16988,weighted_fusion,0,1,false_positive,literal_interpretation_of_satire,Verified ML classification error under: sarcasm_miss
EX17057,weighted_fusion,1,0,false_negative,roman_urdu_slang_missed,Verified ML classification error under: transliteration_ambiguity
EX17139,weighted_fusion,1,0,false_negative,visual_occlusion_low_light,Verified ML classification error under: visual_artifacts
EX17157,weighted_fusion,0,1,false_positive,misinterpreted_homophone_in_asr,Verified ML classification error under: asr_drift
EX17180,weighted_fusion,1,0,false_negative,visual_occlusion_low_light,Verified ML classification error under: visual_artifacts
EX17200,weighted_fusion,0,1,false_positive,reclaimed_slang_falsely_flagged,Verified ML classification error under: domain_shift
EX17226,weighted_fusion,1,0,false_negative,visual_occlusion_low_light,Verified ML classification error under: visual_artifacts
EX17284,weighted_fusion,0,1,false_positive,roman_urdu_token_misclassification,Verified ML classification error under: transliteration_ambiguity
EX17296,weighted_fusion,0,1,false_positive,misinterpreted_homophone_in_asr,Verified ML classification error under: asr_drift
EX17298,weighted_fusion,0,1,false_positive,misinterpreted_homophone_in_asr,Verified ML classification error under: asr_drift
EX17324,weighted_fusion,1,0,false_negative,cross_modal_conflict_benign_text,Verified ML classification error under: modal_contradiction
EX17326,weighted_fusion,1,0,false_negative,roman_urdu_slang_missed,Verified ML classification error under: transliteration_ambiguity
EX17336,weighted_fusion,0,1,false_positive,roman_urdu_token_misclassification,Verified ML classification error under: transliteration_ambiguity
EX17353,weighted_fusion,0,1,false_positive,exaggerated_emotional_voice,Verified ML classification error under: modal_contradiction
EX17402,weighted_fusion,1,0,false_negative,audio_whisper_transcription_drift,Verified ML classification error under: asr_drift
EX17426,weighted_fusion,1,0,false_negative,visual_occlusion_low_light,Verified ML classification error under: visual_artifacts
EX17462,weighted_fusion,0,1,false_positive,misinterpreted_homophone_in_asr,Verified ML classification error under: asr_drift
EX17513,weighted_fusion,1,0,false_negative,audio_whisper_transcription_drift,Verified ML classification error under: asr_drift
EX17515,weighted_fusion,0,1,false_positive,reclaimed_slang_falsely_flagged,Verified ML classification error under: domain_shift
EX17584,weighted_fusion,0,1,false_positive,shadow_mimicking_graphic_contour,Verified ML classification error under: visual_artifacts
EX17604,weighted_fusion,1,0,false_negative,cross_modal_conflict_benign_text,Verified ML classification error under: modal_contradiction
EX17618,weighted_fusion,0,1,false_positive,shadow_mimicking_graphic_contour,Verified ML classification error under: visual_artifacts
EX17630,weighted_fusion,0,1,false_positive,misinterpreted_homophone_in_asr,Verified ML classification error under: asr_drift
EX17682,weighted_fusion,1,0,false_negative,roman_urdu_slang_missed,Verified ML classification error under: transliteration_ambiguity
EX17691,weighted_fusion,1,0,false_negative,out_of_distribution_cultural_slang,Verified ML classification error under: domain_shift
EX17704,weighted_fusion,1,0,false_negative,audio_whisper_transcription_drift,Verified ML classification error under: asr_drift
EX17720,weighted_fusion,0,1,false_positive,roman_urdu_token_misclassification,Verified ML classification error under: transliteration_ambiguity
EX17722,weighted_fusion,1,0,false_negative,out_of_distribution_cultural_slang,Verified ML classification error under: domain_shift
EX17771,weighted_fusion,0,1,false_positive,misinterpreted_homophone_in_asr,Verified ML classification error under: asr_drift
EX17788,weighted_fusion,1,0,false_negative,implicit_sarcasm_not_detected,Verified ML classification error under: sarcasm_miss
EX17801,weighted_fusion,1,0,false_negative,cross_modal_conflict_benign_text,Verified ML classification error under: modal_contradiction
EX17887,weighted_fusion,1,0,false_negative,out_of_distribution_cultural_slang,Verified ML classification error under: domain_shift
EX17913,weighted_fusion,1,0,false_negative,implicit_sarcasm_not_detected,Verified ML classification error under: sarcasm_miss
EX17921,weighted_fusion,0,1,false_positive,shadow_mimicking_graphic_contour,Verified ML classification error under: visual_artifacts
EX17930,weighted_fusion,1,0,false_negative,roman_urdu_slang_missed,Verified ML classification error under: transliteration_ambiguity
EX17942,weighted_fusion,1,0,false_negative,cross_modal_conflict_benign_text,Verified ML classification error under: modal_contradiction
EX17977,weighted_fusion,1,0,false_negative,visual_occlusion_low_light,Verified ML classification error under: visual_artifacts
EX18008,weighted_fusion,0,1,false_positive,reclaimed_slang_falsely_flagged,Verified ML classification error under: domain_shift
EX18025,weighted_fusion,1,0,false_negative,implicit_sarcasm_not_detected,Verified ML classification error under: sarcasm_miss
EX18030,weighted_fusion,1,0,false_negative,implicit_sarcasm_not_detected,Verified ML classification error under: sarcasm_miss
EX18060,weighted_fusion,1,0,false_negative,out_of_distribution_cultural_slang,Verified ML classification error under: domain_shift
EX18103,weighted_fusion,0,1,false_positive,reclaimed_slang_falsely_flagged,Verified ML classification error under: domain_shift
EX18183,weighted_fusion,0,1,false_positive,exaggerated_emotional_voice,Verified ML classification error under: modal_contradiction
EX18195,weighted_fusion,1,0,false_negative,cross_modal_conflict_benign_text,Verified ML classification error under: modal_contradiction
EX18206,weighted_fusion,1,0,false_negative,audio_whisper_transcription_drift,Verified ML classification error under: asr_drift
EX18227,weighted_fusion,0,1,false_positive,misinterpreted_homophone_in_asr,Verified ML classification error under: asr_drift
EX18264,weighted_fusion,0,1,false_positive,shadow_mimicking_graphic_contour,Verified ML classification error under: visual_artifacts
EX18271,weighted_fusion,1,0,false_negative,cross_modal_conflict_benign_text,Verified ML classification error under: modal_contradiction
EX18319,weighted_fusion,0,1,false_positive,shadow_mimicking_graphic_contour,Verified ML classification error under: visual_artifacts
EX18329,weighted_fusion,0,1,false_positive,exaggerated_emotional_voice,Verified ML classification error under: modal_contradiction
EX18330,weighted_fusion,1,0,false_negative,roman_urdu_slang_missed,Verified ML classification error under: transliteration_ambiguity
EX18357,weighted_fusion,1,0,false_negative,implicit_sarcasm_not_detected,Verified ML classification error under: sarcasm_miss
EX18364,weighted_fusion,1,0,false_negative,out_of_distribution_cultural_slang,Verified ML classification error under: domain_shift
EX18374,weighted_fusion,1,0,false_negative,visual_occlusion_low_light,Verified ML classification error under: visual_artifacts
EX18419,weighted_fusion,1,0,false_negative,roman_urdu_slang_missed,Verified ML classification error under: transliteration_ambiguity
EX18426,weighted_fusion,1,0,false_negative,implicit_sarcasm_not_detected,Verified ML classification error under: sarcasm_miss
EX18457,weighted_fusion,0,1,false_positive,exaggerated_emotional_voice,Verified ML classification error under: modal_contradiction
EX18461,weighted_fusion,1,0,false_negative,out_of_distribution_cultural_slang,Verified ML classification error under: domain_shift
EX18474,weighted_fusion,0,1,false_positive,shadow_mimicking_graphic_contour,Verified ML classification error under: visual_artifacts
EX18496,weighted_fusion,0,1,false_positive,misinterpreted_homophone_in_asr,Verified ML classification error under: asr_drift
EX18523,weighted_fusion,1,0,false_negative,audio_whisper_transcription_drift,Verified ML classification error under: asr_drift
EX18542,weighted_fusion,1,0,false_negative,audio_whisper_transcription_drift,Verified ML classification error under: asr_drift
EX18544,weighted_fusion,1,0,false_negative,visual_occlusion_low_light,Verified ML classification error under: visual_artifacts
EX18581,weighted_fusion,1,0,false_negative,implicit_sarcasm_not_detected,Verified ML classification error under: sarcasm_miss
EX18585,weighted_fusion,1,0,false_negative,out_of_distribution_cultural_slang,Verified ML classification error under: domain_shift
EX18594,weighted_fusion,0,1,false_positive,misinterpreted_homophone_in_asr,Verified ML classification error under: asr_drift
EX18635,weighted_fusion,0,1,false_positive,roman_urdu_token_misclassification,Verified ML classification error under: transliteration_ambiguity
EX18640,weighted_fusion,1,0,false_negative,roman_urdu_slang_missed,Verified ML classification error under: transliteration_ambiguity
EX18645,weighted_fusion,1,0,false_negative,implicit_sarcasm_not_detected,Verified ML classification error under: sarcasm_miss
EX18671,weighted_fusion,0,1,false_positive,roman_urdu_token_misclassification,Verified ML classification error under: transliteration_ambiguity
EX18682,weighted_fusion,1,0,false_negative,audio_whisper_transcription_drift,Verified ML classification error under: asr_drift
EX18698,weighted_fusion,1,0,false_negative,out_of_distribution_cultural_slang,Verified ML classification error under: domain_shift
EX18703,weighted_fusion,0,1,false_positive,shadow_mimicking_graphic_contour,Verified ML classification error under: visual_artifacts
EX18706,weighted_fusion,1,0,false_negative,audio_whisper_transcription_drift,Verified ML classification error under: asr_drift
EX18708,weighted_fusion,1,0,false_negative,implicit_sarcasm_not_detected,Verified ML classification error under: sarcasm_miss
EX18712,weighted_fusion,1,0,false_negative,implicit_sarcasm_not_detected,Verified ML classification error under: sarcasm_miss
EX18746,weighted_fusion,0,1,false_positive,roman_urdu_token_misclassification,Verified ML classification error under: transliteration_ambiguity
EX18752,weighted_fusion,0,1,false_positive,reclaimed_slang_falsely_flagged,Verified ML classification error under: domain_shift
EX18771,weighted_fusion,1,0,false_negative,visual_occlusion_low_light,Verified ML classification error under: visual_artifacts
EX18794,weighted_fusion,1,0,false_negative,audio_whisper_transcription_drift,Verified ML classification error under: asr_drift
EX18846,weighted_fusion,0,1,false_positive,reclaimed_slang_falsely_flagged,Verified ML classification error under: domain_shift
EX18865,weighted_fusion,0,1,false_positive,misinterpreted_homophone_in_asr,Verified ML classification error under: asr_drift
EX19043,weighted_fusion,1,0,false_negative,visual_occlusion_low_light,Verified ML classification error under: visual_artifacts
EX19047,weighted_fusion,0,1,false_positive,roman_urdu_token_misclassification,Verified ML classification error under: transliteration_ambiguity
EX19054,weighted_fusion,1,0,false_negative,roman_urdu_slang_missed,Verified ML classification error under: transliteration_ambiguity
EX19107,weighted_fusion,1,0,false_negative,cross_modal_conflict_benign_text,Verified ML classification error under: modal_contradiction
EX19118,weighted_fusion,0,1,false_positive,literal_interpretation_of_satire,Verified ML classification error under: sarcasm_miss
EX19130,weighted_fusion,1,0,false_negative,roman_urdu_slang_missed,Verified ML classification error under: transliteration_ambiguity
EX19132,weighted_fusion,1,0,false_negative,implicit_sarcasm_not_detected,Verified ML classification error under: sarcasm_miss
EX19140,weighted_fusion,1,0,false_negative,audio_whisper_transcription_drift,Verified ML classification error under: asr_drift
EX19141,weighted_fusion,1,0,false_negative,out_of_distribution_cultural_slang,Verified ML classification error under: domain_shift
EX19147,weighted_fusion,1,0,false_negative,implicit_sarcasm_not_detected,Verified ML classification error under: sarcasm_miss
EX19185,weighted_fusion,1,0,false_negative,visual_occlusion_low_light,Verified ML classification error under: visual_artifacts
EX19224,weighted_fusion,1,0,false_negative,out_of_distribution_cultural_slang,Verified ML classification error under: domain_shift
EX19291,weighted_fusion,1,0,false_negative,out_of_distribution_cultural_slang,Verified ML classification error under: domain_shift
EX19293,weighted_fusion,0,1,false_positive,shadow_mimicking_graphic_contour,Verified ML classification error under: visual_artifacts
EX19303,weighted_fusion,0,1,false_positive,reclaimed_slang_falsely_flagged,Verified ML classification error under: domain_shift
EX19313,weighted_fusion,0,1,false_positive,literal_interpretation_of_satire,Verified ML classification error under: sarcasm_miss
EX19326,weighted_fusion,0,1,false_positive,reclaimed_slang_falsely_flagged,Verified ML classification error under: domain_shift
EX19336,weighted_fusion,0,1,false_positive,literal_interpretation_of_satire,Verified ML classification error under: sarcasm_miss
EX19370,weighted_fusion,1,0,false_negative,out_of_distribution_cultural_slang,Verified ML classification error under: domain_shift
EX19411,weighted_fusion,1,0,false_negative,audio_whisper_transcription_drift,Verified ML classification error under: asr_drift
EX19419,weighted_fusion,0,1,false_positive,shadow_mimicking_graphic_contour,Verified ML classification error under: visual_artifacts
EX19426,weighted_fusion,0,1,false_positive,exaggerated_emotional_voice,Verified ML classification error under: modal_contradiction
EX19433,weighted_fusion,0,1,false_positive,literal_interpretation_of_satire,Verified ML classification error under: sarcasm_miss
EX19456,weighted_fusion,0,1,false_positive,reclaimed_slang_falsely_flagged,Verified ML classification error under: domain_shift
EX19503,weighted_fusion,1,0,false_negative,out_of_distribution_cultural_slang,Verified ML classification error under: domain_shift
EX19509,weighted_fusion,1,0,false_negative,cross_modal_conflict_benign_text,Verified ML classification error under: modal_contradiction
EX19561,weighted_fusion,1,0,false_negative,implicit_sarcasm_not_detected,Verified ML classification error under: sarcasm_miss
EX19566,weighted_fusion,1,0,false_negative,out_of_distribution_cultural_slang,Verified ML classification error under: domain_shift
EX19605,weighted_fusion,1,0,false_negative,cross_modal_conflict_benign_text,Verified ML classification error under: modal_contradiction
EX19684,weighted_fusion,1,0,false_negative,out_of_distribution_cultural_slang,Verified ML classification error under: domain_shift
EX19743,weighted_fusion,1,0,false_negative,cross_modal_conflict_benign_text,Verified ML classification error under: modal_contradiction
EX19754,weighted_fusion,0,1,false_positive,exaggerated_emotional_voice,Verified ML classification error under: modal_contradiction
EX19769,weighted_fusion,0,1,false_positive,exaggerated_emotional_voice,Verified ML classification error under: modal_contradiction
EX19796,weighted_fusion,0,1,false_positive,roman_urdu_token_misclassification,Verified ML classification error under: transliteration_ambiguity
EX19867,weighted_fusion,1,0,false_negative,implicit_sarcasm_not_detected,Verified ML classification error under: sarcasm_miss
EX19878,weighted_fusion,1,0,false_negative,audio_whisper_transcription_drift,Verified ML classification error under: asr_drift
EX19885,weighted_fusion,1,0,false_negative,visual_occlusion_low_light,Verified ML classification error under: visual_artifacts
EX19886,weighted_fusion,1,0,false_negative,out_of_distribution_cultural_slang,Verified ML classification error under: domain_shift
EX19891,weighted_fusion,0,1,false_positive,roman_urdu_token_misclassification,Verified ML classification error under: transliteration_ambiguity
EX19902,weighted_fusion,1,0,false_negative,roman_urdu_slang_missed,Verified ML classification error under: transliteration_ambiguity
EX19915,weighted_fusion,0,1,false_positive,exaggerated_emotional_voice,Verified ML classification error under: modal_contradiction
EX19919,weighted_fusion,1,0,false_negative,roman_urdu_slang_missed,Verified ML classification error under: transliteration_ambiguity
EX19923,weighted_fusion,0,1,false_positive,shadow_mimicking_graphic_contour,Verified ML classification error under: visual_artifacts
EX19929,weighted_fusion,0,1,false_positive,exaggerated_emotional_voice,Verified ML classification error under: modal_contradiction
EX19939,weighted_fusion,0,1,false_positive,exaggerated_emotional_voice,Verified ML classification error under: modal_contradiction
EX19965,weighted_fusion,1,0,false_negative,out_of_distribution_cultural_slang,Verified ML classification error under: domain_shift
EX20028,weighted_fusion,1,0,false_negative,audio_whisper_transcription_drift,Verified ML classification error under: asr_drift
EX20041,weighted_fusion,1,0,false_negative,out_of_distribution_cultural_slang,Verified ML classification error under: domain_shift
EX20065,weighted_fusion,1,0,false_negative,visual_occlusion_low_light,Verified ML classification error under: visual_artifacts
EX20115,weighted_fusion,1,0,false_negative,cross_modal_conflict_benign_text,Verified ML classification error under: modal_contradiction
EX20162,weighted_fusion,0,1,false_positive,shadow_mimicking_graphic_contour,Verified ML classification error under: visual_artifacts
EX20168,weighted_fusion,0,1,false_positive,literal_interpretation_of_satire,Verified ML classification error under: sarcasm_miss
EX20211,weighted_fusion,1,0,false_negative,visual_occlusion_low_light,Verified ML classification error under: visual_artifacts
EX20223,weighted_fusion,1,0,false_negative,audio_whisper_transcription_drift,Verified ML classification error under: asr_drift
EX20247,weighted_fusion,1,0,false_negative,roman_urdu_slang_missed,Verified ML classification error under: transliteration_ambiguity
EX20253,weighted_fusion,0,1,false_positive,roman_urdu_token_misclassification,Verified ML classification error under: transliteration_ambiguity
EX20299,weighted_fusion,1,0,false_negative,roman_urdu_slang_missed,Verified ML classification error under: transliteration_ambiguity
EX20348,weighted_fusion,1,0,false_negative,roman_urdu_slang_missed,Verified ML classification error under: transliteration_ambiguity
EX20387,weighted_fusion,1,0,false_negative,out_of_distribution_cultural_slang,Verified ML classification error under: domain_shift
EX20388,weighted_fusion,1,0,false_negative,cross_modal_conflict_benign_text,Verified ML classification error under: modal_contradiction
EX20446,weighted_fusion,1,0,false_negative,implicit_sarcasm_not_detected,Verified ML classification error under: sarcasm_miss
EX20562,weighted_fusion,0,1,false_positive,shadow_mimicking_graphic_contour,Verified ML classification error under: visual_artifacts
EX20611,weighted_fusion,1,0,false_negative,audio_whisper_transcription_drift,Verified ML classification error under: asr_drift
EX20633,weighted_fusion,1,0,false_negative,roman_urdu_slang_missed,Verified ML classification error under: transliteration_ambiguity
EX20657,weighted_fusion,1,0,false_negative,out_of_distribution_cultural_slang,Verified ML classification error under: domain_shift
EX20685,weighted_fusion,1,0,false_negative,implicit_sarcasm_not_detected,Verified ML classification error under: sarcasm_miss
EX20692,weighted_fusion,1,0,false_negative,implicit_sarcasm_not_detected,Verified ML classification error under: sarcasm_miss
EX20730,weighted_fusion,1,0,false_negative,audio_whisper_transcription_drift,Verified ML classification error under: asr_drift
EX20740,weighted_fusion,0,1,false_positive,reclaimed_slang_falsely_flagged,Verified ML classification error under: domain_shift
EX20823,weighted_fusion,0,1,false_positive,literal_interpretation_of_satire,Verified ML classification error under: sarcasm_miss
EX20845,weighted_fusion,0,1,false_positive,literal_interpretation_of_satire,Verified ML classification error under: sarcasm_miss
EX20944,weighted_fusion,0,1,false_positive,roman_urdu_token_misclassification,Verified ML classification error under: transliteration_ambiguity
EX20964,weighted_fusion,1,0,false_negative,roman_urdu_slang_missed,Verified ML classification error under: transliteration_ambiguity
EX21019,weighted_fusion,0,1,false_positive,exaggerated_emotional_voice,Verified ML classification error under: modal_contradiction
EX21047,weighted_fusion,1,0,false_negative,implicit_sarcasm_not_detected,Verified ML classification error under: sarcasm_miss
EX21099,weighted_fusion,1,0,false_negative,out_of_distribution_cultural_slang,Verified ML classification error under: domain_shift
EX21111,weighted_fusion,0,1,false_positive,exaggerated_emotional_voice,Verified ML classification error under: modal_contradiction
EX21113,weighted_fusion,0,1,false_positive,misinterpreted_homophone_in_asr,Verified ML classification error under: asr_drift
EX21134,weighted_fusion,1,0,false_negative,out_of_distribution_cultural_slang,Verified ML classification error under: domain_shift
EX21162,weighted_fusion,1,0,false_negative,audio_whisper_transcription_drift,Verified ML classification error under: asr_drift
EX21180,weighted_fusion,0,1,false_positive,literal_interpretation_of_satire,Verified ML classification error under: sarcasm_miss
EX21195,weighted_fusion,1,0,false_negative,audio_whisper_transcription_drift,Verified ML classification error under: asr_drift
EX21206,weighted_fusion,1,0,false_negative,audio_whisper_transcription_drift,Verified ML classification error under: asr_drift
EX21245,weighted_fusion,0,1,false_positive,reclaimed_slang_falsely_flagged,Verified ML classification error under: domain_shift
EX21263,weighted_fusion,0,1,false_positive,roman_urdu_token_misclassification,Verified ML classification error under: transliteration_ambiguity
EX21283,weighted_fusion,0,1,false_positive,misinterpreted_homophone_in_asr,Verified ML classification error under: asr_drift
EX21305,weighted_fusion,1,0,false_negative,audio_whisper_transcription_drift,Verified ML classification error under: asr_drift
EX21309,weighted_fusion,1,0,false_negative,out_of_distribution_cultural_slang,Verified ML classification error under: domain_shift
EX21320,weighted_fusion,0,1,false_positive,misinterpreted_homophone_in_asr,Verified ML classification error under: asr_drift
EX21331,weighted_fusion,1,0,false_negative,audio_whisper_transcription_drift,Verified ML classification error under: asr_drift
EX21347,weighted_fusion,1,0,false_negative,out_of_distribution_cultural_slang,Verified ML classification error under: domain_shift
EX21361,weighted_fusion,1,0,false_negative,audio_whisper_transcription_drift,Verified ML classification error under: asr_drift
EX21379,weighted_fusion,1,0,false_negative,out_of_distribution_cultural_slang,Verified ML classification error under: domain_shift
EX21383,weighted_fusion,0,1,false_positive,reclaimed_slang_falsely_flagged,Verified ML classification error under: domain_shift
EX21435,weighted_fusion,0,1,false_positive,exaggerated_emotional_voice,Verified ML classification error under: modal_contradiction
EX21499,weighted_fusion,0,1,false_positive,reclaimed_slang_falsely_flagged,Verified ML classification error under: domain_shift
EX21502,weighted_fusion,0,1,false_positive,misinterpreted_homophone_in_asr,Verified ML classification error under: asr_drift
EX21526,weighted_fusion,1,0,false_negative,implicit_sarcasm_not_detected,Verified ML classification error under: sarcasm_miss
EX21559,weighted_fusion,0,1,false_positive,literal_interpretation_of_satire,Verified ML classification error under: sarcasm_miss
EX21598,weighted_fusion,1,0,false_negative,audio_whisper_transcription_drift,Verified ML classification error under: asr_drift
EX21611,weighted_fusion,1,0,false_negative,roman_urdu_slang_missed,Verified ML classification error under: transliteration_ambiguity
EX21634,weighted_fusion,0,1,false_positive,roman_urdu_token_misclassification,Verified ML classification error under: transliteration_ambiguity
EX21724,weighted_fusion,1,0,false_negative,cross_modal_conflict_benign_text,Verified ML classification error under: modal_contradiction
EX21779,weighted_fusion,0,1,false_positive,misinterpreted_homophone_in_asr,Verified ML classification error under: asr_drift
EX21812,weighted_fusion,0,1,false_positive,reclaimed_slang_falsely_flagged,Verified ML classification error under: domain_shift
EX21830,weighted_fusion,1,0,false_negative,roman_urdu_slang_missed,Verified ML classification error under: transliteration_ambiguity
EX21846,weighted_fusion,1,0,false_negative,visual_occlusion_low_light,Verified ML classification error under: visual_artifacts
EX21863,weighted_fusion,1,0,false_negative,audio_whisper_transcription_drift,Verified ML classification error under: asr_drift
EX21882,weighted_fusion,1,0,false_negative,roman_urdu_slang_missed,Verified ML classification error under: transliteration_ambiguity
EX21885,weighted_fusion,0,1,false_positive,reclaimed_slang_falsely_flagged,Verified ML classification error under: domain_shift
EX21892,weighted_fusion,1,0,false_negative,audio_whisper_transcription_drift,Verified ML classification error under: asr_drift
EX21909,weighted_fusion,1,0,false_negative,cross_modal_conflict_benign_text,Verified ML classification error under: modal_contradiction
EX21922,weighted_fusion,0,1,false_positive,exaggerated_emotional_voice,Verified ML classification error under: modal_contradiction
EX21944,weighted_fusion,0,1,false_positive,roman_urdu_token_misclassification,Verified ML classification error under: transliteration_ambiguity
EX21966,weighted_fusion,0,1,false_positive,shadow_mimicking_graphic_contour,Verified ML classification error under: visual_artifacts
EX21976,weighted_fusion,1,0,false_negative,cross_modal_conflict_benign_text,Verified ML classification error under: modal_contradiction
EX21999,weighted_fusion,1,0,false_negative,cross_modal_conflict_benign_text,Verified ML classification error under: modal_contradiction
EX22002,weighted_fusion,1,0,false_negative,visual_occlusion_low_light,Verified ML classification error under: visual_artifacts
EX22014,weighted_fusion,1,0,false_negative,visual_occlusion_low_light,Verified ML classification error under: visual_artifacts
EX22015,weighted_fusion,1,0,false_negative,out_of_distribution_cultural_slang,Verified ML classification error under: domain_shift
EX22031,weighted_fusion,1,0,false_negative,out_of_distribution_cultural_slang,Verified ML classification error under: domain_shift
EX22106,weighted_fusion,1,0,false_negative,roman_urdu_slang_missed,Verified ML classification error under: transliteration_ambiguity
EX22122,weighted_fusion,1,0,false_negative,audio_whisper_transcription_drift,Verified ML classification error under: asr_drift
EX22131,weighted_fusion,0,1,false_positive,literal_interpretation_of_satire,Verified ML classification error under: sarcasm_miss
EX22135,weighted_fusion,1,0,false_negative,out_of_distribution_cultural_slang,Verified ML classification error under: domain_shift
EX22148,weighted_fusion,0,1,false_positive,roman_urdu_token_misclassification,Verified ML classification error under: transliteration_ambiguity
EX22177,weighted_fusion,1,0,false_negative,out_of_distribution_cultural_slang,Verified ML classification error under: domain_shift
EX22197,weighted_fusion,0,1,false_positive,reclaimed_slang_falsely_flagged,Verified ML classification error under: domain_shift
EX22205,weighted_fusion,1,0,false_negative,visual_occlusion_low_light,Verified ML classification error under: visual_artifacts
EX22295,weighted_fusion,0,1,false_positive,roman_urdu_token_misclassification,Verified ML classification error under: transliteration_ambiguity
EX22319,weighted_fusion,1,0,false_negative,visual_occlusion_low_light,Verified ML classification error under: visual_artifacts
EX22329,weighted_fusion,1,0,false_negative,out_of_distribution_cultural_slang,Verified ML classification error under: domain_shift
EX22390,weighted_fusion,1,0,false_negative,audio_whisper_transcription_drift,Verified ML classification error under: asr_drift
EX22397,weighted_fusion,1,0,false_negative,cross_modal_conflict_benign_text,Verified ML classification error under: modal_contradiction
EX22474,weighted_fusion,0,1,false_positive,exaggerated_emotional_voice,Verified ML classification error under: modal_contradiction
EX22484,weighted_fusion,0,1,false_positive,reclaimed_slang_falsely_flagged,Verified ML classification error under: domain_shift
EX22517,weighted_fusion,1,0,false_negative,roman_urdu_slang_missed,Verified ML classification error under: transliteration_ambiguity
EX22527,weighted_fusion,0,1,false_positive,roman_urdu_token_misclassification,Verified ML classification error under: transliteration_ambiguity
EX22581,weighted_fusion,1,0,false_negative,cross_modal_conflict_benign_text,Verified ML classification error under: modal_contradiction
EX22585,weighted_fusion,0,1,false_positive,shadow_mimicking_graphic_contour,Verified ML classification error under: visual_artifacts
EX22595,weighted_fusion,0,1,false_positive,reclaimed_slang_falsely_flagged,Verified ML classification error under: domain_shift
EX22621,weighted_fusion,0,1,false_positive,shadow_mimicking_graphic_contour,Verified ML classification error under: visual_artifacts
EX22637,weighted_fusion,1,0,false_negative,roman_urdu_slang_missed,Verified ML classification error under: transliteration_ambiguity
EX22674,weighted_fusion,0,1,false_positive,literal_interpretation_of_satire,Verified ML classification error under: sarcasm_miss
EX22692,weighted_fusion,0,1,false_positive,shadow_mimicking_graphic_contour,Verified ML classification error under: visual_artifacts
EX22695,weighted_fusion,1,0,false_negative,visual_occlusion_low_light,Verified ML classification error under: visual_artifacts
EX22720,weighted_fusion,0,1,false_positive,exaggerated_emotional_voice,Verified ML classification error under: modal_contradiction
EX22755,weighted_fusion,1,0,false_negative,cross_modal_conflict_benign_text,Verified ML classification error under: modal_contradiction
EX22781,weighted_fusion,0,1,false_positive,literal_interpretation_of_satire,Verified ML classification error under: sarcasm_miss
EX22841,weighted_fusion,1,0,false_negative,visual_occlusion_low_light,Verified ML classification error under: visual_artifacts
EX22872,weighted_fusion,0,1,false_positive,misinterpreted_homophone_in_asr,Verified ML classification error under: asr_drift
EX22958,weighted_fusion,0,1,false_positive,reclaimed_slang_falsely_flagged,Verified ML classification error under: domain_shift
EX22975,weighted_fusion,0,1,false_positive,literal_interpretation_of_satire,Verified ML classification error under: sarcasm_miss
EX22981,weighted_fusion,1,0,false_negative,cross_modal_conflict_benign_text,Verified ML classification error under: modal_contradiction
EX22984,weighted_fusion,1,0,false_negative,implicit_sarcasm_not_detected,Verified ML classification error under: sarcasm_miss
EX23000,weighted_fusion,1,0,false_negative,implicit_sarcasm_not_detected,Verified ML classification error under: sarcasm_miss
EX23043,weighted_fusion,1,0,false_negative,roman_urdu_slang_missed,Verified ML classification error under: transliteration_ambiguity
EX23057,weighted_fusion,1,0,false_negative,cross_modal_conflict_benign_text,Verified ML classification error under: modal_contradiction
EX23065,weighted_fusion,0,1,false_positive,literal_interpretation_of_satire,Verified ML classification error under: sarcasm_miss
EX23134,weighted_fusion,0,1,false_positive,shadow_mimicking_graphic_contour,Verified ML classification error under: visual_artifacts
EX23151,weighted_fusion,0,1,false_positive,shadow_mimicking_graphic_contour,Verified ML classification error under: visual_artifacts
EX23156,weighted_fusion,0,1,false_positive,shadow_mimicking_graphic_contour,Verified ML classification error under: visual_artifacts
EX23175,weighted_fusion,1,0,false_negative,roman_urdu_slang_missed,Verified ML classification error under: transliteration_ambiguity
EX23181,weighted_fusion,0,1,false_positive,shadow_mimicking_graphic_contour,Verified ML classification error under: visual_artifacts
EX23185,weighted_fusion,1,0,false_negative,audio_whisper_transcription_drift,Verified ML classification error under: asr_drift
EX23200,weighted_fusion,1,0,false_negative,cross_modal_conflict_benign_text,Verified ML classification error under: modal_contradiction
EX23249,weighted_fusion,0,1,false_positive,exaggerated_emotional_voice,Verified ML classification error under: modal_contradiction
EX23252,weighted_fusion,1,0,false_negative,cross_modal_conflict_benign_text,Verified ML classification error under: modal_contradiction
EX23269,weighted_fusion,1,0,false_negative,roman_urdu_slang_missed,Verified ML classification error under: transliteration_ambiguity
EX23304,weighted_fusion,0,1,false_positive,reclaimed_slang_falsely_flagged,Verified ML classification error under: domain_shift
EX23340,weighted_fusion,1,0,false_negative,cross_modal_conflict_benign_text,Verified ML classification error under: modal_contradiction
EX23391,weighted_fusion,0,1,false_positive,roman_urdu_token_misclassification,Verified ML classification error under: transliteration_ambiguity
EX23392,weighted_fusion,0,1,false_positive,reclaimed_slang_falsely_flagged,Verified ML classification error under: domain_shift
EX23407,weighted_fusion,1,0,false_negative,audio_whisper_transcription_drift,Verified ML classification error under: asr_drift
EX23417,weighted_fusion,1,0,false_negative,roman_urdu_slang_missed,Verified ML classification error under: transliteration_ambiguity
EX23449,weighted_fusion,1,0,false_negative,roman_urdu_slang_missed,Verified ML classification error under: transliteration_ambiguity
EX23473,weighted_fusion,0,1,false_positive,shadow_mimicking_graphic_contour,Verified ML classification error under: visual_artifacts
EX23508,weighted_fusion,1,0,false_negative,out_of_distribution_cultural_slang,Verified ML classification error under: domain_shift
EX23534,weighted_fusion,1,0,false_negative,out_of_distribution_cultural_slang,Verified ML classification error under: domain_shift
EX23552,weighted_fusion,0,1,false_positive,exaggerated_emotional_voice,Verified ML classification error under: modal_contradiction
EX23555,weighted_fusion,0,1,false_positive,exaggerated_emotional_voice,Verified ML classification error under: modal_contradiction
EX23577,weighted_fusion,1,0,false_negative,out_of_distribution_cultural_slang,Verified ML classification error under: domain_shift
EX23640,weighted_fusion,0,1,false_positive,roman_urdu_token_misclassification,Verified ML classification error under: transliteration_ambiguity
EX23643,weighted_fusion,1,0,false_negative,out_of_distribution_cultural_slang,Verified ML classification error under: domain_shift
EX23664,weighted_fusion,1,0,false_negative,cross_modal_conflict_benign_text,Verified ML classification error under: modal_contradiction
EX23764,weighted_fusion,0,1,false_positive,shadow_mimicking_graphic_contour,Verified ML classification error under: visual_artifacts
EX23803,weighted_fusion,1,0,false_negative,visual_occlusion_low_light,Verified ML classification error under: visual_artifacts
EX23880,weighted_fusion,1,0,false_negative,audio_whisper_transcription_drift,Verified ML classification error under: asr_drift
EX23913,weighted_fusion,0,1,false_positive,misinterpreted_homophone_in_asr,Verified ML classification error under: asr_drift
EX23960,weighted_fusion,1,0,false_negative,audio_whisper_transcription_drift,Verified ML classification error under: asr_drift
EX23981,weighted_fusion,1,0,false_negative,cross_modal_conflict_benign_text,Verified ML classification error under: modal_contradiction
EX24029,weighted_fusion,0,1,false_positive,misinterpreted_homophone_in_asr,Verified ML classification error under: asr_drift
EX24050,weighted_fusion,0,1,false_positive,literal_interpretation_of_satire,Verified ML classification error under: sarcasm_miss
EX24089,weighted_fusion,0,1,false_positive,misinterpreted_homophone_in_asr,Verified ML classification error under: asr_drift
EX24091,weighted_fusion,0,1,false_positive,shadow_mimicking_graphic_contour,Verified ML classification error under: visual_artifacts
EX24136,weighted_fusion,1,0,false_negative,roman_urdu_slang_missed,Verified ML classification error under: transliteration_ambiguity
EX24149,weighted_fusion,0,1,false_positive,literal_interpretation_of_satire,Verified ML classification error under: sarcasm_miss
EX24201,weighted_fusion,0,1,false_positive,literal_interpretation_of_satire,Verified ML classification error under: sarcasm_miss
EX24215,weighted_fusion,1,0,false_negative,audio_whisper_transcription_drift,Verified ML classification error under: asr_drift
EX24287,weighted_fusion,1,0,false_negative,implicit_sarcasm_not_detected,Verified ML classification error under: sarcasm_miss
EX24292,weighted_fusion,1,0,false_negative,audio_whisper_transcription_drift,Verified ML classification error under: asr_drift
EX24302,weighted_fusion,1,0,false_negative,roman_urdu_slang_missed,Verified ML classification error under: transliteration_ambiguity
EX24330,weighted_fusion,0,1,false_positive,shadow_mimicking_graphic_contour,Verified ML classification error under: visual_artifacts
EX24331,weighted_fusion,0,1,false_positive,literal_interpretation_of_satire,Verified ML classification error under: sarcasm_miss
EX24338,weighted_fusion,0,1,false_positive,misinterpreted_homophone_in_asr,Verified ML classification error under: asr_drift
EX24368,weighted_fusion,1,0,false_negative,visual_occlusion_low_light,Verified ML classification error under: visual_artifacts
EX24407,weighted_fusion,0,1,false_positive,misinterpreted_homophone_in_asr,Verified ML classification error under: asr_drift
EX24415,weighted_fusion,0,1,false_positive,misinterpreted_homophone_in_asr,Verified ML classification error under: asr_drift
EX24441,weighted_fusion,1,0,false_negative,visual_occlusion_low_light,Verified ML classification error under: visual_artifacts
EX24465,weighted_fusion,1,0,false_negative,implicit_sarcasm_not_detected,Verified ML classification error under: sarcasm_miss
EX24518,weighted_fusion,0,1,false_positive,literal_interpretation_of_satire,Verified ML classification error under: sarcasm_miss
EX24584,weighted_fusion,1,0,false_negative,visual_occlusion_low_light,Verified ML classification error under: visual_artifacts
EX24596,weighted_fusion,1,0,false_negative,cross_modal_conflict_benign_text,Verified ML classification error under: modal_contradiction
EX24598,weighted_fusion,0,1,false_positive,literal_interpretation_of_satire,Verified ML classification error under: sarcasm_miss
EX24608,weighted_fusion,1,0,false_negative,cross_modal_conflict_benign_text,Verified ML classification error under: modal_contradiction
EX24616,weighted_fusion,1,0,false_negative,out_of_distribution_cultural_slang,Verified ML classification error under: domain_shift
EX24626,weighted_fusion,1,0,false_negative,out_of_distribution_cultural_slang,Verified ML classification error under: domain_shift
EX24663,weighted_fusion,1,0,false_negative,audio_whisper_transcription_drift,Verified ML classification error under: asr_drift
EX24692,weighted_fusion,1,0,false_negative,visual_occlusion_low_light,Verified ML classification error under: visual_artifacts
EX24693,weighted_fusion,0,1,false_positive,exaggerated_emotional_voice,Verified ML classification error under: modal_contradiction
EX24713,weighted_fusion,0,1,false_positive,misinterpreted_homophone_in_asr,Verified ML classification error under: asr_drift
EX24715,weighted_fusion,1,0,false_negative,visual_occlusion_low_light,Verified ML classification error under: visual_artifacts
EX24733,weighted_fusion,1,0,false_negative,out_of_distribution_cultural_slang,Verified ML classification error under: domain_shift
EX24759,weighted_fusion,1,0,false_negative,out_of_distribution_cultural_slang,Verified ML classification error under: domain_shift
EX24767,weighted_fusion,1,0,false_negative,cross_modal_conflict_benign_text,Verified ML classification error under: modal_contradiction
EX24793,weighted_fusion,1,0,false_negative,roman_urdu_slang_missed,Verified ML classification error under: transliteration_ambiguity
EX24840,weighted_fusion,0,1,false_positive,roman_urdu_token_misclassification,Verified ML classification error under: transliteration_ambiguity
EX24865,weighted_fusion,1,0,false_negative,cross_modal_conflict_benign_text,Verified ML classification error under: modal_contradiction
EX24890,weighted_fusion,1,0,false_negative,implicit_sarcasm_not_detected,Verified ML classification error under: sarcasm_miss
EX24892,weighted_fusion,1,0,false_negative,audio_whisper_transcription_drift,Verified ML classification error under: asr_drift
EX24943,weighted_fusion,1,0,false_negative,audio_whisper_transcription_drift,Verified ML classification error under: asr_drift
EX24952,weighted_fusion,1,0,false_negative,visual_occlusion_low_light,Verified ML classification error under: visual_artifacts
EX24977,weighted_fusion,1,0,false_negative,visual_occlusion_low_light,Verified ML classification error under: visual_artifacts
EX24988,weighted_fusion,1,0,false_negative,implicit_sarcasm_not_detected,Verified ML classification error under: sarcasm_miss
EX25036,weighted_fusion,1,0,false_negative,audio_whisper_transcription_drift,Verified ML classification error under: asr_drift
EX25042,weighted_fusion,1,0,false_negative,implicit_sarcasm_not_detected,Verified ML classification error under: sarcasm_miss
EX25045,weighted_fusion,0,1,false_positive,misinterpreted_homophone_in_asr,Verified ML classification error under: asr_drift
EX25090,weighted_fusion,1,0,false_negative,implicit_sarcasm_not_detected,Verified ML classification error under: sarcasm_miss
EX25097,weighted_fusion,1,0,false_negative,roman_urdu_slang_missed,Verified ML classification error under: transliteration_ambiguity
EX25128,weighted_fusion,0,1,false_positive,misinterpreted_homophone_in_asr,Verified ML classification error under: asr_drift
EX25159,weighted_fusion,1,0,false_negative,cross_modal_conflict_benign_text,Verified ML classification error under: modal_contradiction
EX25195,weighted_fusion,1,0,false_negative,out_of_distribution_cultural_slang,Verified ML classification error under: domain_shift
EX25198,weighted_fusion,0,1,false_positive,shadow_mimicking_graphic_contour,Verified ML classification error under: visual_artifacts
EX25200,weighted_fusion,1,0,false_negative,audio_whisper_transcription_drift,Verified ML classification error under: asr_drift
EX25218,weighted_fusion,1,0,false_negative,roman_urdu_slang_missed,Verified ML classification error under: transliteration_ambiguity
EX25221,weighted_fusion,1,0,false_negative,implicit_sarcasm_not_detected,Verified ML classification error under: sarcasm_miss
EX25252,weighted_fusion,1,0,false_negative,implicit_sarcasm_not_detected,Verified ML classification error under: sarcasm_miss
EX25269,weighted_fusion,0,1,false_positive,exaggerated_emotional_voice,Verified ML classification error under: modal_contradiction
EX25271,weighted_fusion,0,1,false_positive,misinterpreted_homophone_in_asr,Verified ML classification error under: asr_drift
EX25287,weighted_fusion,0,1,false_positive,roman_urdu_token_misclassification,Verified ML classification error under: transliteration_ambiguity
EX25309,weighted_fusion,0,1,false_positive,misinterpreted_homophone_in_asr,Verified ML classification error under: asr_drift
EX25329,weighted_fusion,0,1,false_positive,roman_urdu_token_misclassification,Verified ML classification error under: transliteration_ambiguity
EX25354,weighted_fusion,1,0,false_negative,implicit_sarcasm_not_detected,Verified ML classification error under: sarcasm_miss
EX25389,weighted_fusion,1,0,false_negative,implicit_sarcasm_not_detected,Verified ML classification error under: sarcasm_miss
EX25395,weighted_fusion,1,0,false_negative,audio_whisper_transcription_drift,Verified ML classification error under: asr_drift
EX25426,weighted_fusion,1,0,false_negative,implicit_sarcasm_not_detected,Verified ML classification error under: sarcasm_miss
EX25441,weighted_fusion,0,1,false_positive,exaggerated_emotional_voice,Verified ML classification error under: modal_contradiction
EX25460,weighted_fusion,1,0,false_negative,implicit_sarcasm_not_detected,Verified ML classification error under: sarcasm_miss
EX25480,weighted_fusion,0,1,false_positive,reclaimed_slang_falsely_flagged,Verified ML classification error under: domain_shift
EX25486,weighted_fusion,1,0,false_negative,cross_modal_conflict_benign_text,Verified ML classification error under: modal_contradiction
EX25500,weighted_fusion,0,1,false_positive,shadow_mimicking_graphic_contour,Verified ML classification error under: visual_artifacts
EX25501,weighted_fusion,1,0,false_negative,cross_modal_conflict_benign_text,Verified ML classification error under: modal_contradiction
EX25573,weighted_fusion,0,1,false_positive,literal_interpretation_of_satire,Verified ML classification error under: sarcasm_miss
EX25602,weighted_fusion,0,1,false_positive,shadow_mimicking_graphic_contour,Verified ML classification error under: visual_artifacts
EX25635,weighted_fusion,1,0,false_negative,out_of_distribution_cultural_slang,Verified ML classification error under: domain_shift
EX25658,weighted_fusion,0,1,false_positive,exaggerated_emotional_voice,Verified ML classification error under: modal_contradiction
EX25692,weighted_fusion,1,0,false_negative,out_of_distribution_cultural_slang,Verified ML classification error under: domain_shift
EX25752,weighted_fusion,1,0,false_negative,implicit_sarcasm_not_detected,Verified ML classification error under: sarcasm_miss
EX25759,weighted_fusion,1,0,false_negative,audio_whisper_transcription_drift,Verified ML classification error under: asr_drift
EX25830,weighted_fusion,1,0,false_negative,visual_occlusion_low_light,Verified ML classification error under: visual_artifacts
EX25831,weighted_fusion,1,0,false_negative,implicit_sarcasm_not_detected,Verified ML classification error under: sarcasm_miss
EX25847,weighted_fusion,0,1,false_positive,exaggerated_emotional_voice,Verified ML classification error under: modal_contradiction
EX25898,weighted_fusion,0,1,false_positive,roman_urdu_token_misclassification,Verified ML classification error under: transliteration_ambiguity
EX25924,weighted_fusion,0,1,false_positive,shadow_mimicking_graphic_contour,Verified ML classification error under: visual_artifacts
EX25960,weighted_fusion,1,0,false_negative,roman_urdu_slang_missed,Verified ML classification error under: transliteration_ambiguity
EX25985,weighted_fusion,1,0,false_negative,cross_modal_conflict_benign_text,Verified ML classification error under: modal_contradiction
EX26005,weighted_fusion,1,0,false_negative,out_of_distribution_cultural_slang,Verified ML classification error under: domain_shift
EX26014,weighted_fusion,1,0,false_negative,cross_modal_conflict_benign_text,Verified ML classification error under: modal_contradiction
EX26065,weighted_fusion,1,0,false_negative,cross_modal_conflict_benign_text,Verified ML classification error under: modal_contradiction
EX26134,weighted_fusion,0,1,false_positive,misinterpreted_homophone_in_asr,Verified ML classification error under: asr_drift
EX26171,weighted_fusion,0,1,false_positive,misinterpreted_homophone_in_asr,Verified ML classification error under: asr_drift
EX26172,weighted_fusion,0,1,false_positive,reclaimed_slang_falsely_flagged,Verified ML classification error under: domain_shift
EX26215,weighted_fusion,1,0,false_negative,implicit_sarcasm_not_detected,Verified ML classification error under: sarcasm_miss
EX26257,weighted_fusion,1,0,false_negative,audio_whisper_transcription_drift,Verified ML classification error under: asr_drift
EX26267,weighted_fusion,0,1,false_positive,reclaimed_slang_falsely_flagged,Verified ML classification error under: domain_shift
EX26306,weighted_fusion,1,0,false_negative,cross_modal_conflict_benign_text,Verified ML classification error under: modal_contradiction
EX26323,weighted_fusion,0,1,false_positive,reclaimed_slang_falsely_flagged,Verified ML classification error under: domain_shift
EX26333,weighted_fusion,1,0,false_negative,audio_whisper_transcription_drift,Verified ML classification error under: asr_drift
EX26410,weighted_fusion,0,1,false_positive,misinterpreted_homophone_in_asr,Verified ML classification error under: asr_drift
EX26423,weighted_fusion,1,0,false_negative,out_of_distribution_cultural_slang,Verified ML classification error under: domain_shift
EX26431,weighted_fusion,1,0,false_negative,audio_whisper_transcription_drift,Verified ML classification error under: asr_drift
EX26437,weighted_fusion,0,1,false_positive,reclaimed_slang_falsely_flagged,Verified ML classification error under: domain_shift
EX26464,weighted_fusion,1,0,false_negative,implicit_sarcasm_not_detected,Verified ML classification error under: sarcasm_miss
EX26502,weighted_fusion,0,1,false_positive,exaggerated_emotional_voice,Verified ML classification error under: modal_contradiction
EX26532,weighted_fusion,0,1,false_positive,exaggerated_emotional_voice,Verified ML classification error under: modal_contradiction
EX26534,weighted_fusion,1,0,false_negative,roman_urdu_slang_missed,Verified ML classification error under: transliteration_ambiguity
EX26540,weighted_fusion,0,1,false_positive,misinterpreted_homophone_in_asr,Verified ML classification error under: asr_drift
EX26576,weighted_fusion,1,0,false_negative,audio_whisper_transcription_drift,Verified ML classification error under: asr_drift
EX26580,weighted_fusion,0,1,false_positive,misinterpreted_homophone_in_asr,Verified ML classification error under: asr_drift
EX26583,weighted_fusion,1,0,false_negative,implicit_sarcasm_not_detected,Verified ML classification error under: sarcasm_miss
EX26601,weighted_fusion,0,1,false_positive,exaggerated_emotional_voice,Verified ML classification error under: modal_contradiction
EX26675,weighted_fusion,0,1,false_positive,shadow_mimicking_graphic_contour,Verified ML classification error under: visual_artifacts
EX26695,weighted_fusion,1,0,false_negative,cross_modal_conflict_benign_text,Verified ML classification error under: modal_contradiction
EX26779,weighted_fusion,0,1,false_positive,exaggerated_emotional_voice,Verified ML classification error under: modal_contradiction
EX26809,weighted_fusion,1,0,false_negative,cross_modal_conflict_benign_text,Verified ML classification error under: modal_contradiction
EX26850,weighted_fusion,1,0,false_negative,implicit_sarcasm_not_detected,Verified ML classification error under: sarcasm_miss
EX26894,weighted_fusion,1,0,false_negative,roman_urdu_slang_missed,Verified ML classification error under: transliteration_ambiguity
EX26897,weighted_fusion,0,1,false_positive,reclaimed_slang_falsely_flagged,Verified ML classification error under: domain_shift
EX26930,weighted_fusion,1,0,false_negative,cross_modal_conflict_benign_text,Verified ML classification error under: modal_contradiction
EX27041,weighted_fusion,1,0,false_negative,audio_whisper_transcription_drift,Verified ML classification error under: asr_drift
EX27077,weighted_fusion,1,0,false_negative,visual_occlusion_low_light,Verified ML classification error under: visual_artifacts
EX27092,weighted_fusion,0,1,false_positive,reclaimed_slang_falsely_flagged,Verified ML classification error under: domain_shift
EX27130,weighted_fusion,1,0,false_negative,roman_urdu_slang_missed,Verified ML classification error under: transliteration_ambiguity
EX27137,weighted_fusion,0,1,false_positive,roman_urdu_token_misclassification,Verified ML classification error under: transliteration_ambiguity
EX27151,weighted_fusion,0,1,false_positive,shadow_mimicking_graphic_contour,Verified ML classification error under: visual_artifacts
EX27157,weighted_fusion,1,0,false_negative,visual_occlusion_low_light,Verified ML classification error under: visual_artifacts
EX27177,weighted_fusion,0,1,false_positive,shadow_mimicking_graphic_contour,Verified ML classification error under: visual_artifacts
EX27193,weighted_fusion,1,0,false_negative,roman_urdu_slang_missed,Verified ML classification error under: transliteration_ambiguity
EX27198,weighted_fusion,1,0,false_negative,audio_whisper_transcription_drift,Verified ML classification error under: asr_drift
EX27202,weighted_fusion,0,1,false_positive,roman_urdu_token_misclassification,Verified ML classification error under: transliteration_ambiguity
EX27214,weighted_fusion,1,0,false_negative,cross_modal_conflict_benign_text,Verified ML classification error under: modal_contradiction
EX27228,weighted_fusion,1,0,false_negative,cross_modal_conflict_benign_text,Verified ML classification error under: modal_contradiction
EX27229,weighted_fusion,1,0,false_negative,visual_occlusion_low_light,Verified ML classification error under: visual_artifacts
EX27234,weighted_fusion,0,1,false_positive,misinterpreted_homophone_in_asr,Verified ML classification error under: asr_drift
EX27251,weighted_fusion,1,0,false_negative,visual_occlusion_low_light,Verified ML classification error under: visual_artifacts
EX27299,weighted_fusion,1,0,false_negative,implicit_sarcasm_not_detected,Verified ML classification error under: sarcasm_miss
EX27319,weighted_fusion,1,0,false_negative,implicit_sarcasm_not_detected,Verified ML classification error under: sarcasm_miss
EX27328,weighted_fusion,0,1,false_positive,literal_interpretation_of_satire,Verified ML classification error under: sarcasm_miss
EX27403,weighted_fusion,1,0,false_negative,implicit_sarcasm_not_detected,Verified ML classification error under: sarcasm_miss
EX27414,weighted_fusion,0,1,false_positive,shadow_mimicking_graphic_contour,Verified ML classification error under: visual_artifacts
EX27429,weighted_fusion,1,0,false_negative,implicit_sarcasm_not_detected,Verified ML classification error under: sarcasm_miss
EX27475,weighted_fusion,0,1,false_positive,exaggerated_emotional_voice,Verified ML classification error under: modal_contradiction
EX27477,weighted_fusion,1,0,false_negative,out_of_distribution_cultural_slang,Verified ML classification error under: domain_shift
EX27512,weighted_fusion,0,1,false_positive,literal_interpretation_of_satire,Verified ML classification error under: sarcasm_miss
EX27527,weighted_fusion,1,0,false_negative,implicit_sarcasm_not_detected,Verified ML classification error under: sarcasm_miss
EX27552,weighted_fusion,0,1,false_positive,literal_interpretation_of_satire,Verified ML classification error under: sarcasm_miss
EX27630,weighted_fusion,1,0,false_negative,audio_whisper_transcription_drift,Verified ML classification error under: asr_drift
EX27637,weighted_fusion,1,0,false_negative,visual_occlusion_low_light,Verified ML classification error under: visual_artifacts
EX27669,weighted_fusion,1,0,false_negative,visual_occlusion_low_light,Verified ML classification error under: visual_artifacts
EX27713,weighted_fusion,1,0,false_negative,cross_modal_conflict_benign_text,Verified ML classification error under: modal_contradiction
EX27719,weighted_fusion,0,1,false_positive,reclaimed_slang_falsely_flagged,Verified ML classification error under: domain_shift
EX27733,weighted_fusion,0,1,false_positive,shadow_mimicking_graphic_contour,Verified ML classification error under: visual_artifacts
EX27846,weighted_fusion,0,1,false_positive,misinterpreted_homophone_in_asr,Verified ML classification error under: asr_drift
EX27866,weighted_fusion,0,1,false_positive,reclaimed_slang_falsely_flagged,Verified ML classification error under: domain_shift
EX27895,weighted_fusion,1,0,false_negative,cross_modal_conflict_benign_text,Verified ML classification error under: modal_contradiction
EX27902,weighted_fusion,1,0,false_negative,roman_urdu_slang_missed,Verified ML classification error under: transliteration_ambiguity
EX27928,weighted_fusion,1,0,false_negative,out_of_distribution_cultural_slang,Verified ML classification error under: domain_shift
EX27931,weighted_fusion,1,0,false_negative,audio_whisper_transcription_drift,Verified ML classification error under: asr_drift
EX27951,weighted_fusion,0,1,false_positive,shadow_mimicking_graphic_contour,Verified ML classification error under: visual_artifacts
EX27963,weighted_fusion,1,0,false_negative,implicit_sarcasm_not_detected,Verified ML classification error under: sarcasm_miss
EX27968,weighted_fusion,1,0,false_negative,cross_modal_conflict_benign_text,Verified ML classification error under: modal_contradiction
EX27976,weighted_fusion,0,1,false_positive,roman_urdu_token_misclassification,Verified ML classification error under: transliteration_ambiguity
EX28015,weighted_fusion,1,0,false_negative,implicit_sarcasm_not_detected,Verified ML classification error under: sarcasm_miss
EX28021,weighted_fusion,0,1,false_positive,exaggerated_emotional_voice,Verified ML classification error under: modal_contradiction
EX28032,weighted_fusion,0,1,false_positive,literal_interpretation_of_satire,Verified ML classification error under: sarcasm_miss
EX28077,weighted_fusion,0,1,false_positive,shadow_mimicking_graphic_contour,Verified ML classification error under: visual_artifacts
EX28080,weighted_fusion,1,0,false_negative,implicit_sarcasm_not_detected,Verified ML classification error under: sarcasm_miss
EX28083,weighted_fusion,0,1,false_positive,roman_urdu_token_misclassification,Verified ML classification error under: transliteration_ambiguity
EX28242,weighted_fusion,1,0,false_negative,out_of_distribution_cultural_slang,Verified ML classification error under: domain_shift
EX28263,weighted_fusion,0,1,false_positive,shadow_mimicking_graphic_contour,Verified ML classification error under: visual_artifacts
EX28302,weighted_fusion,1,0,false_negative,visual_occlusion_low_light,Verified ML classification error under: visual_artifacts
EX28329,weighted_fusion,0,1,false_positive,literal_interpretation_of_satire,Verified ML classification error under: sarcasm_miss
EX28335,weighted_fusion,1,0,false_negative,implicit_sarcasm_not_detected,Verified ML classification error under: sarcasm_miss
EX28388,weighted_fusion,0,1,false_positive,literal_interpretation_of_satire,Verified ML classification error under: sarcasm_miss
EX28405,weighted_fusion,0,1,false_positive,roman_urdu_token_misclassification,Verified ML classification error under: transliteration_ambiguity
EX28442,weighted_fusion,1,0,false_negative,roman_urdu_slang_missed,Verified ML classification error under: transliteration_ambiguity
EX28447,weighted_fusion,0,1,false_positive,exaggerated_emotional_voice,Verified ML classification error under: modal_contradiction
EX28471,weighted_fusion,1,0,false_negative,visual_occlusion_low_light,Verified ML classification error under: visual_artifacts
EX28498,weighted_fusion,1,0,false_negative,roman_urdu_slang_missed,Verified ML classification error under: transliteration_ambiguity
EX28506,weighted_fusion,1,0,false_negative,audio_whisper_transcription_drift,Verified ML classification error under: asr_drift
EX28509,weighted_fusion,1,0,false_negative,visual_occlusion_low_light,Verified ML classification error under: visual_artifacts
EX28510,weighted_fusion,1,0,false_negative,roman_urdu_slang_missed,Verified ML classification error under: transliteration_ambiguity
EX28575,weighted_fusion,1,0,false_negative,audio_whisper_transcription_drift,Verified ML classification error under: asr_drift
EX28576,weighted_fusion,0,1,false_positive,exaggerated_emotional_voice,Verified ML classification error under: modal_contradiction
EX28580,weighted_fusion,1,0,false_negative,roman_urdu_slang_missed,Verified ML classification error under: transliteration_ambiguity
EX28619,weighted_fusion,0,1,false_positive,literal_interpretation_of_satire,Verified ML classification error under: sarcasm_miss
EX28643,weighted_fusion,1,0,false_negative,cross_modal_conflict_benign_text,Verified ML classification error under: modal_contradiction
EX28653,weighted_fusion,1,0,false_negative,visual_occlusion_low_light,Verified ML classification error under: visual_artifacts
EX28658,weighted_fusion,0,1,false_positive,shadow_mimicking_graphic_contour,Verified ML classification error under: visual_artifacts
EX28703,weighted_fusion,0,1,false_positive,roman_urdu_token_misclassification,Verified ML classification error under: transliteration_ambiguity
EX28769,weighted_fusion,0,1,false_positive,shadow_mimicking_graphic_contour,Verified ML classification error under: visual_artifacts
EX28771,weighted_fusion,1,0,false_negative,roman_urdu_slang_missed,Verified ML classification error under: transliteration_ambiguity
EX28833,weighted_fusion,0,1,false_positive,shadow_mimicking_graphic_contour,Verified ML classification error under: visual_artifacts
EX28834,weighted_fusion,1,0,false_negative,roman_urdu_slang_missed,Verified ML classification error under: transliteration_ambiguity
EX28845,weighted_fusion,0,1,false_positive,reclaimed_slang_falsely_flagged,Verified ML classification error under: domain_shift
EX28907,weighted_fusion,1,0,false_negative,audio_whisper_transcription_drift,Verified ML classification error under: asr_drift
EX28913,weighted_fusion,1,0,false_negative,implicit_sarcasm_not_detected,Verified ML classification error under: sarcasm_miss
EX28944,weighted_fusion,1,0,false_negative,visual_occlusion_low_light,Verified ML classification error under: visual_artifacts
EX28949,weighted_fusion,0,1,false_positive,reclaimed_slang_falsely_flagged,Verified ML classification error under: domain_shift
EX28968,weighted_fusion,1,0,false_negative,cross_modal_conflict_benign_text,Verified ML classification error under: modal_contradiction
EX29011,weighted_fusion,0,1,false_positive,literal_interpretation_of_satire,Verified ML classification error under: sarcasm_miss
EX29015,weighted_fusion,1,0,false_negative,cross_modal_conflict_benign_text,Verified ML classification error under: modal_contradiction
EX29026,weighted_fusion,0,1,false_positive,misinterpreted_homophone_in_asr,Verified ML classification error under: asr_drift
EX29066,weighted_fusion,0,1,false_positive,literal_interpretation_of_satire,Verified ML classification error under: sarcasm_miss
EX29103,weighted_fusion,1,0,false_negative,visual_occlusion_low_light,Verified ML classification error under: visual_artifacts
EX29154,weighted_fusion,0,1,false_positive,shadow_mimicking_graphic_contour,Verified ML classification error under: visual_artifacts
EX29174,weighted_fusion,1,0,false_negative,out_of_distribution_cultural_slang,Verified ML classification error under: domain_shift
EX29179,weighted_fusion,1,0,false_negative,cross_modal_conflict_benign_text,Verified ML classification error under: modal_contradiction
EX29235,weighted_fusion,0,1,false_positive,literal_interpretation_of_satire,Verified ML classification error under: sarcasm_miss
EX29267,weighted_fusion,1,0,false_negative,audio_whisper_transcription_drift,Verified ML classification error under: asr_drift
EX29310,weighted_fusion,0,1,false_positive,roman_urdu_token_misclassification,Verified ML classification error under: transliteration_ambiguity
EX29411,weighted_fusion,1,0,false_negative,cross_modal_conflict_benign_text,Verified ML classification error under: modal_contradiction
EX29426,weighted_fusion,0,1,false_positive,shadow_mimicking_graphic_contour,Verified ML classification error under: visual_artifacts
EX29492,weighted_fusion,0,1,false_positive,shadow_mimicking_graphic_contour,Verified ML classification error under: visual_artifacts
EX29564,weighted_fusion,0,1,false_positive,literal_interpretation_of_satire,Verified ML classification error under: sarcasm_miss
EX29640,weighted_fusion,1,0,false_negative,roman_urdu_slang_missed,Verified ML classification error under: transliteration_ambiguity
EX29643,weighted_fusion,0,1,false_positive,misinterpreted_homophone_in_asr,Verified ML classification error under: asr_drift
EX29646,weighted_fusion,1,0,false_negative,out_of_distribution_cultural_slang,Verified ML classification error under: domain_shift
EX29653,weighted_fusion,1,0,false_negative,visual_occlusion_low_light,Verified ML classification error under: visual_artifacts
EX29675,weighted_fusion,0,1,false_positive,misinterpreted_homophone_in_asr,Verified ML classification error under: asr_drift
EX29682,weighted_fusion,0,1,false_positive,literal_interpretation_of_satire,Verified ML classification error under: sarcasm_miss
EX29738,weighted_fusion,1,0,false_negative,audio_whisper_transcription_drift,Verified ML classification error under: asr_drift
EX29744,weighted_fusion,0,1,false_positive,reclaimed_slang_falsely_flagged,Verified ML classification error under: domain_shift
EX29754,weighted_fusion,1,0,false_negative,implicit_sarcasm_not_detected,Verified ML classification error under: sarcasm_miss
EX29762,weighted_fusion,1,0,false_negative,roman_urdu_slang_missed,Verified ML classification error under: transliteration_ambiguity
EX29774,weighted_fusion,1,0,false_negative,visual_occlusion_low_light,Verified ML classification error under: visual_artifacts
EX29794,weighted_fusion,0,1,false_positive,shadow_mimicking_graphic_contour,Verified ML classification error under: visual_artifacts
EX29881,weighted_fusion,1,0,false_negative,roman_urdu_slang_missed,Verified ML classification error under: transliteration_ambiguity
EX29890,weighted_fusion,0,1,false_positive,reclaimed_slang_falsely_flagged,Verified ML classification error under: domain_shift
EX29900,weighted_fusion,1,0,false_negative,cross_modal_conflict_benign_text,Verified ML classification error under: modal_contradiction
EX29905,weighted_fusion,0,1,false_positive,reclaimed_slang_falsely_flagged,Verified ML classification error under: domain_shift
EX29925,weighted_fusion,0,1,false_positive,roman_urdu_token_misclassification,Verified ML classification error under: transliteration_ambiguity
EX29934,weighted_fusion,1,0,false_negative,audio_whisper_transcription_drift,Verified ML classification error under: asr_drift
EX29954,weighted_fusion,0,1,false_positive,roman_urdu_token_misclassification,Verified ML classification error under: transliteration_ambiguity
EX29977,weighted_fusion,0,1,false_positive,literal_interpretation_of_satire,Verified ML classification error under: sarcasm_miss
EX30021,weighted_fusion,1,0,false_negative,out_of_distribution_cultural_slang,Verified ML classification error under: domain_shift
EX30031,weighted_fusion,1,0,false_negative,out_of_distribution_cultural_slang,Verified ML classification error under: domain_shift
EX30042,weighted_fusion,0,1,false_positive,shadow_mimicking_graphic_contour,Verified ML classification error under: visual_artifacts
EX30095,weighted_fusion,1,0,false_negative,roman_urdu_slang_missed,Verified ML classification error under: transliteration_ambiguity
EX30170,weighted_fusion,1,0,false_negative,cross_modal_conflict_benign_text,Verified ML classification error under: modal_contradiction
EX30218,weighted_fusion,0,1,false_positive,roman_urdu_token_misclassification,Verified ML classification error under: transliteration_ambiguity
EX30225,weighted_fusion,0,1,false_positive,shadow_mimicking_graphic_contour,Verified ML classification error under: visual_artifacts
EX30240,weighted_fusion,0,1,false_positive,reclaimed_slang_falsely_flagged,Verified ML classification error under: domain_shift
EX30293,weighted_fusion,1,0,false_negative,visual_occlusion_low_light,Verified ML classification error under: visual_artifacts
EX30316,weighted_fusion,1,0,false_negative,visual_occlusion_low_light,Verified ML classification error under: visual_artifacts
EX30349,weighted_fusion,0,1,false_positive,roman_urdu_token_misclassification,Verified ML classification error under: transliteration_ambiguity
EX30376,weighted_fusion,1,0,false_negative,visual_occlusion_low_light,Verified ML classification error under: visual_artifacts
EX30393,weighted_fusion,0,1,false_positive,misinterpreted_homophone_in_asr,Verified ML classification error under: asr_drift
EX30406,weighted_fusion,1,0,false_negative,cross_modal_conflict_benign_text,Verified ML classification error under: modal_contradiction
EX30421,weighted_fusion,1,0,false_negative,audio_whisper_transcription_drift,Verified ML classification error under: asr_drift
EX30426,weighted_fusion,1,0,false_negative,visual_occlusion_low_light,Verified ML classification error under: visual_artifacts
EX30445,weighted_fusion,0,1,false_positive,literal_interpretation_of_satire,Verified ML classification error under: sarcasm_miss
EX30452,weighted_fusion,1,0,false_negative,roman_urdu_slang_missed,Verified ML classification error under: transliteration_ambiguity
EX30457,weighted_fusion,0,1,false_positive,roman_urdu_token_misclassification,Verified ML classification error under: transliteration_ambiguity
EX30491,weighted_fusion,0,1,false_positive,shadow_mimicking_graphic_contour,Verified ML classification error under: visual_artifacts
EX30498,weighted_fusion,1,0,false_negative,visual_occlusion_low_light,Verified ML classification error under: visual_artifacts
EX30555,weighted_fusion,0,1,false_positive,roman_urdu_token_misclassification,Verified ML classification error under: transliteration_ambiguity
EX30563,weighted_fusion,1,0,false_negative,out_of_distribution_cultural_slang,Verified ML classification error under: domain_shift
EX30576,weighted_fusion,0,1,false_positive,misinterpreted_homophone_in_asr,Verified ML classification error under: asr_drift
EX30627,weighted_fusion,1,0,false_negative,audio_whisper_transcription_drift,Verified ML classification error under: asr_drift
EX30687,weighted_fusion,0,1,false_positive,exaggerated_emotional_voice,Verified ML classification error under: modal_contradiction
EX30708,weighted_fusion,1,0,false_negative,cross_modal_conflict_benign_text,Verified ML classification error under: modal_contradiction
EX30723,weighted_fusion,0,1,false_positive,roman_urdu_token_misclassification,Verified ML classification error under: transliteration_ambiguity
EX30729,weighted_fusion,0,1,false_positive,literal_interpretation_of_satire,Verified ML classification error under: sarcasm_miss
EX30734,weighted_fusion,1,0,false_negative,roman_urdu_slang_missed,Verified ML classification error under: transliteration_ambiguity
EX30738,weighted_fusion,1,0,false_negative,implicit_sarcasm_not_detected,Verified ML classification error under: sarcasm_miss
EX30760,weighted_fusion,1,0,false_negative,roman_urdu_slang_missed,Verified ML classification error under: transliteration_ambiguity
EX30804,weighted_fusion,0,1,false_positive,roman_urdu_token_misclassification,Verified ML classification error under: transliteration_ambiguity
EX30881,weighted_fusion,1,0,false_negative,roman_urdu_slang_missed,Verified ML classification error under: transliteration_ambiguity
EX30929,weighted_fusion,1,0,false_negative,implicit_sarcasm_not_detected,Verified ML classification error under: sarcasm_miss
EX30948,weighted_fusion,1,0,false_negative,out_of_distribution_cultural_slang,Verified ML classification error under: domain_shift
EX30954,weighted_fusion,1,0,false_negative,cross_modal_conflict_benign_text,Verified ML classification error under: modal_contradiction
EX31101,weighted_fusion,1,0,false_negative,roman_urdu_slang_missed,Verified ML classification error under: transliteration_ambiguity
EX31108,weighted_fusion,0,1,false_positive,reclaimed_slang_falsely_flagged,Verified ML classification error under: domain_shift
EX31140,weighted_fusion,1,0,false_negative,audio_whisper_transcription_drift,Verified ML classification error under: asr_drift
EX31158,weighted_fusion,1,0,false_negative,visual_occlusion_low_light,Verified ML classification error under: visual_artifacts
EX31165,weighted_fusion,1,0,false_negative,audio_whisper_transcription_drift,Verified ML classification error under: asr_drift
EX31193,weighted_fusion,1,0,false_negative,visual_occlusion_low_light,Verified ML classification error under: visual_artifacts
EX31226,weighted_fusion,1,0,false_negative,cross_modal_conflict_benign_text,Verified ML classification error under: modal_contradiction
EX31233,weighted_fusion,1,0,false_negative,out_of_distribution_cultural_slang,Verified ML classification error under: domain_shift
EX31247,weighted_fusion,1,0,false_negative,out_of_distribution_cultural_slang,Verified ML classification error under: domain_shift
EX31249,weighted_fusion,0,1,false_positive,literal_interpretation_of_satire,Verified ML classification error under: sarcasm_miss
EX31297,weighted_fusion,0,1,false_positive,reclaimed_slang_falsely_flagged,Verified ML classification error under: domain_shift
EX31323,weighted_fusion,1,0,false_negative,audio_whisper_transcription_drift,Verified ML classification error under: asr_drift
EX31327,weighted_fusion,1,0,false_negative,implicit_sarcasm_not_detected,Verified ML classification error under: sarcasm_miss
EX31357,weighted_fusion,1,0,false_negative,visual_occlusion_low_light,Verified ML classification error under: visual_artifacts
EX31367,weighted_fusion,1,0,false_negative,roman_urdu_slang_missed,Verified ML classification error under: transliteration_ambiguity
EX31371,weighted_fusion,1,0,false_negative,out_of_distribution_cultural_slang,Verified ML classification error under: domain_shift
EX31389,weighted_fusion,1,0,false_negative,cross_modal_conflict_benign_text,Verified ML classification error under: modal_contradiction
EX31404,weighted_fusion,0,1,false_positive,shadow_mimicking_graphic_contour,Verified ML classification error under: visual_artifacts
EX31428,weighted_fusion,0,1,false_positive,reclaimed_slang_falsely_flagged,Verified ML classification error under: domain_shift
EX31455,weighted_fusion,1,0,false_negative,cross_modal_conflict_benign_text,Verified ML classification error under: modal_contradiction
EX31481,weighted_fusion,0,1,false_positive,reclaimed_slang_falsely_flagged,Verified ML classification error under: domain_shift
EX31483,weighted_fusion,0,1,false_positive,shadow_mimicking_graphic_contour,Verified ML classification error under: visual_artifacts
EX31484,weighted_fusion,1,0,false_negative,roman_urdu_slang_missed,Verified ML classification error under: transliteration_ambiguity
EX31522,weighted_fusion,1,0,false_negative,implicit_sarcasm_not_detected,Verified ML classification error under: sarcasm_miss
EX31557,weighted_fusion,0,1,false_positive,literal_interpretation_of_satire,Verified ML classification error under: sarcasm_miss
EX31569,weighted_fusion,0,1,false_positive,reclaimed_slang_falsely_flagged,Verified ML classification error under: domain_shift
EX31585,weighted_fusion,1,0,false_negative,visual_occlusion_low_light,Verified ML classification error under: visual_artifacts
EX31608,weighted_fusion,0,1,false_positive,literal_interpretation_of_satire,Verified ML classification error under: sarcasm_miss
EX31649,weighted_fusion,1,0,false_negative,audio_whisper_transcription_drift,Verified ML classification error under: asr_drift
EX31716,weighted_fusion,0,1,false_positive,roman_urdu_token_misclassification,Verified ML classification error under: transliteration_ambiguity
EX31730,weighted_fusion,1,0,false_negative,implicit_sarcasm_not_detected,Verified ML classification error under: sarcasm_miss
EX31759,weighted_fusion,1,0,false_negative,cross_modal_conflict_benign_text,Verified ML classification error under: modal_contradiction
EX31767,weighted_fusion,0,1,false_positive,roman_urdu_token_misclassification,Verified ML classification error under: transliteration_ambiguity
EX31780,weighted_fusion,1,0,false_negative,cross_modal_conflict_benign_text,Verified ML classification error under: modal_contradiction
EX31867,weighted_fusion,1,0,false_negative,cross_modal_conflict_benign_text,Verified ML classification error under: modal_contradiction
EX31913,weighted_fusion,1,0,false_negative,out_of_distribution_cultural_slang,Verified ML classification error under: domain_shift
EX31952,weighted_fusion,0,1,false_positive,misinterpreted_homophone_in_asr,Verified ML classification error under: asr_drift
EX32046,weighted_fusion,1,0,false_negative,cross_modal_conflict_benign_text,Verified ML classification error under: modal_contradiction
EX32069,weighted_fusion,0,1,false_positive,roman_urdu_token_misclassification,Verified ML classification error under: transliteration_ambiguity
EX32086,weighted_fusion,1,0,false_negative,visual_occlusion_low_light,Verified ML classification error under: visual_artifacts
EX32093,weighted_fusion,1,0,false_negative,implicit_sarcasm_not_detected,Verified ML classification error under: sarcasm_miss
EX32145,weighted_fusion,1,0,false_negative,out_of_distribution_cultural_slang,Verified ML classification error under: domain_shift
EX32162,weighted_fusion,0,1,false_positive,roman_urdu_token_misclassification,Verified ML classification error under: transliteration_ambiguity
EX32170,weighted_fusion,1,0,false_negative,visual_occlusion_low_light,Verified ML classification error under: visual_artifacts
EX32203,weighted_fusion,0,1,false_positive,roman_urdu_token_misclassification,Verified ML classification error under: transliteration_ambiguity
EX32211,weighted_fusion,0,1,false_positive,misinterpreted_homophone_in_asr,Verified ML classification error under: asr_drift
EX32213,weighted_fusion,1,0,false_negative,cross_modal_conflict_benign_text,Verified ML classification error under: modal_contradiction
EX32224,weighted_fusion,1,0,false_negative,cross_modal_conflict_benign_text,Verified ML classification error under: modal_contradiction
EX32278,weighted_fusion,0,1,false_positive,misinterpreted_homophone_in_asr,Verified ML classification error under: asr_drift
EX32281,weighted_fusion,1,0,false_negative,roman_urdu_slang_missed,Verified ML classification error under: transliteration_ambiguity
EX32283,weighted_fusion,0,1,false_positive,misinterpreted_homophone_in_asr,Verified ML classification error under: asr_drift
EX32296,weighted_fusion,1,0,false_negative,visual_occlusion_low_light,Verified ML classification error under: visual_artifacts
EX32305,weighted_fusion,1,0,false_negative,audio_whisper_transcription_drift,Verified ML classification error under: asr_drift
EX32317,weighted_fusion,1,0,false_negative,implicit_sarcasm_not_detected,Verified ML classification error under: sarcasm_miss
EX32327,weighted_fusion,1,0,false_negative,audio_whisper_transcription_drift,Verified ML classification error under: asr_drift
EX32328,weighted_fusion,0,1,false_positive,exaggerated_emotional_voice,Verified ML classification error under: modal_contradiction
EX32336,weighted_fusion,1,0,false_negative,audio_whisper_transcription_drift,Verified ML classification error under: asr_drift
EX32351,weighted_fusion,1,0,false_negative,cross_modal_conflict_benign_text,Verified ML classification error under: modal_contradiction
EX32363,weighted_fusion,1,0,false_negative,implicit_sarcasm_not_detected,Verified ML classification error under: sarcasm_miss
EX32384,weighted_fusion,1,0,false_negative,roman_urdu_slang_missed,Verified ML classification error under: transliteration_ambiguity
EX32399,weighted_fusion,0,1,false_positive,shadow_mimicking_graphic_contour,Verified ML classification error under: visual_artifacts
EX32409,weighted_fusion,0,1,false_positive,literal_interpretation_of_satire,Verified ML classification error under: sarcasm_miss
EX32534,weighted_fusion,0,1,false_positive,reclaimed_slang_falsely_flagged,Verified ML classification error under: domain_shift
EX32562,weighted_fusion,0,1,false_positive,misinterpreted_homophone_in_asr,Verified ML classification error under: asr_drift
EX32577,weighted_fusion,0,1,false_positive,roman_urdu_token_misclassification,Verified ML classification error under: transliteration_ambiguity
EX32598,weighted_fusion,1,0,false_negative,cross_modal_conflict_benign_text,Verified ML classification error under: modal_contradiction
EX32627,weighted_fusion,0,1,false_positive,reclaimed_slang_falsely_flagged,Verified ML classification error under: domain_shift
EX32661,weighted_fusion,0,1,false_positive,roman_urdu_token_misclassification,Verified ML classification error under: transliteration_ambiguity
EX32689,weighted_fusion,0,1,false_positive,roman_urdu_token_misclassification,Verified ML classification error under: transliteration_ambiguity
EX32692,weighted_fusion,0,1,false_positive,literal_interpretation_of_satire,Verified ML classification error under: sarcasm_miss
EX32721,weighted_fusion,0,1,false_positive,reclaimed_slang_falsely_flagged,Verified ML classification error under: domain_shift
EX32786,weighted_fusion,0,1,false_positive,exaggerated_emotional_voice,Verified ML classification error under: modal_contradiction
EX32817,weighted_fusion,1,0,false_negative,visual_occlusion_low_light,Verified ML classification error under: visual_artifacts
EX32827,weighted_fusion,1,0,false_negative,audio_whisper_transcription_drift,Verified ML classification error under: asr_drift
EX32835,weighted_fusion,1,0,false_negative,roman_urdu_slang_missed,Verified ML classification error under: transliteration_ambiguity
EX32887,weighted_fusion,1,0,false_negative,audio_whisper_transcription_drift,Verified ML classification error under: asr_drift
EX32896,weighted_fusion,0,1,false_positive,shadow_mimicking_graphic_contour,Verified ML classification error under: visual_artifacts
EX32919,weighted_fusion,1,0,false_negative,audio_whisper_transcription_drift,Verified ML classification error under: asr_drift
EX32952,weighted_fusion,0,1,false_positive,roman_urdu_token_misclassification,Verified ML classification error under: transliteration_ambiguity
EX32995,weighted_fusion,1,0,false_negative,implicit_sarcasm_not_detected,Verified ML classification error under: sarcasm_miss
EX33005,weighted_fusion,0,1,false_positive,roman_urdu_token_misclassification,Verified ML classification error under: transliteration_ambiguity
EX33021,weighted_fusion,0,1,false_positive,roman_urdu_token_misclassification,Verified ML classification error under: transliteration_ambiguity
EX33033,weighted_fusion,1,0,false_negative,roman_urdu_slang_missed,Verified ML classification error under: transliteration_ambiguity
EX33061,weighted_fusion,1,0,false_negative,audio_whisper_transcription_drift,Verified ML classification error under: asr_drift
EX33113,weighted_fusion,0,1,false_positive,reclaimed_slang_falsely_flagged,Verified ML classification error under: domain_shift
EX33189,weighted_fusion,1,0,false_negative,audio_whisper_transcription_drift,Verified ML classification error under: asr_drift
EX33207,weighted_fusion,0,1,false_positive,reclaimed_slang_falsely_flagged,Verified ML classification error under: domain_shift
EX33256,weighted_fusion,1,0,false_negative,out_of_distribution_cultural_slang,Verified ML classification error under: domain_shift
EX33284,weighted_fusion,0,1,false_positive,exaggerated_emotional_voice,Verified ML classification error under: modal_contradiction
EX33285,weighted_fusion,0,1,false_positive,literal_interpretation_of_satire,Verified ML classification error under: sarcasm_miss
EX33303,weighted_fusion,0,1,false_positive,reclaimed_slang_falsely_flagged,Verified ML classification error under: domain_shift
EX33305,weighted_fusion,0,1,false_positive,shadow_mimicking_graphic_contour,Verified ML classification error under: visual_artifacts
EX33311,weighted_fusion,0,1,false_positive,literal_interpretation_of_satire,Verified ML classification error under: sarcasm_miss
EX33330,weighted_fusion,0,1,false_positive,shadow_mimicking_graphic_contour,Verified ML classification error under: visual_artifacts
EX33356,weighted_fusion,1,0,false_negative,cross_modal_conflict_benign_text,Verified ML classification error under: modal_contradiction
EX33377,weighted_fusion,1,0,false_negative,audio_whisper_transcription_drift,Verified ML classification error under: asr_drift
EX33413,weighted_fusion,1,0,false_negative,out_of_distribution_cultural_slang,Verified ML classification error under: domain_shift
EX33447,weighted_fusion,1,0,false_negative,cross_modal_conflict_benign_text,Verified ML classification error under: modal_contradiction
EX33470,weighted_fusion,1,0,false_negative,cross_modal_conflict_benign_text,Verified ML classification error under: modal_contradiction
EX33525,weighted_fusion,1,0,false_negative,cross_modal_conflict_benign_text,Verified ML classification error under: modal_contradiction
EX33549,weighted_fusion,0,1,false_positive,roman_urdu_token_misclassification,Verified ML classification error under: transliteration_ambiguity
EX33560,weighted_fusion,0,1,false_positive,roman_urdu_token_misclassification,Verified ML classification error under: transliteration_ambiguity
EX33568,weighted_fusion,1,0,false_negative,roman_urdu_slang_missed,Verified ML classification error under: transliteration_ambiguity
EX33588,weighted_fusion,1,0,false_negative,visual_occlusion_low_light,Verified ML classification error under: visual_artifacts
EX33616,weighted_fusion,1,0,false_negative,implicit_sarcasm_not_detected,Verified ML classification error under: sarcasm_miss
EX33645,weighted_fusion,1,0,false_negative,out_of_distribution_cultural_slang,Verified ML classification error under: domain_shift
EX33662,weighted_fusion,0,1,false_positive,exaggerated_emotional_voice,Verified ML classification error under: modal_contradiction
EX33678,weighted_fusion,1,0,false_negative,cross_modal_conflict_benign_text,Verified ML classification error under: modal_contradiction
EX33689,weighted_fusion,1,0,false_negative,cross_modal_conflict_benign_text,Verified ML classification error under: modal_contradiction
EX33691,weighted_fusion,0,1,false_positive,roman_urdu_token_misclassification,Verified ML classification error under: transliteration_ambiguity
EX33721,weighted_fusion,1,0,false_negative,roman_urdu_slang_missed,Verified ML classification error under: transliteration_ambiguity
EX33728,weighted_fusion,1,0,false_negative,roman_urdu_slang_missed,Verified ML classification error under: transliteration_ambiguity
EX33732,weighted_fusion,0,1,false_positive,exaggerated_emotional_voice,Verified ML classification error under: modal_contradiction
EX33745,weighted_fusion,0,1,false_positive,roman_urdu_token_misclassification,Verified ML classification error under: transliteration_ambiguity
EX33766,weighted_fusion,1,0,false_negative,roman_urdu_slang_missed,Verified ML classification error under: transliteration_ambiguity
EX33770,weighted_fusion,1,0,false_negative,out_of_distribution_cultural_slang,Verified ML classification error under: domain_shift
EX33790,weighted_fusion,0,1,false_positive,literal_interpretation_of_satire,Verified ML classification error under: sarcasm_miss
EX33801,weighted_fusion,1,0,false_negative,audio_whisper_transcription_drift,Verified ML classification error under: asr_drift
EX33815,weighted_fusion,1,0,false_negative,roman_urdu_slang_missed,Verified ML classification error under: transliteration_ambiguity
EX33818,weighted_fusion,1,0,false_negative,roman_urdu_slang_missed,Verified ML classification error under: transliteration_ambiguity
EX33833,weighted_fusion,1,0,false_negative,cross_modal_conflict_benign_text,Verified ML classification error under: modal_contradiction
EX33858,weighted_fusion,0,1,false_positive,literal_interpretation_of_satire,Verified ML classification error under: sarcasm_miss
EX33902,weighted_fusion,1,0,false_negative,roman_urdu_slang_missed,Verified ML classification error under: transliteration_ambiguity
EX33957,weighted_fusion,1,0,false_negative,audio_whisper_transcription_drift,Verified ML classification error under: asr_drift
EX33978,weighted_fusion,1,0,false_negative,audio_whisper_transcription_drift,Verified ML classification error under: asr_drift
EX34001,weighted_fusion,0,1,false_positive,misinterpreted_homophone_in_asr,Verified ML classification error under: asr_drift
EX34028,weighted_fusion,1,0,false_negative,roman_urdu_slang_missed,Verified ML classification error under: transliteration_ambiguity
EX34029,weighted_fusion,0,1,false_positive,misinterpreted_homophone_in_asr,Verified ML classification error under: asr_drift
EX34047,weighted_fusion,0,1,false_positive,misinterpreted_homophone_in_asr,Verified ML classification error under: asr_drift
EX34074,weighted_fusion,1,0,false_negative,out_of_distribution_cultural_slang,Verified ML classification error under: domain_shift
EX34075,weighted_fusion,1,0,false_negative,audio_whisper_transcription_drift,Verified ML classification error under: asr_drift
EX34128,weighted_fusion,0,1,false_positive,exaggerated_emotional_voice,Verified ML classification error under: modal_contradiction
EX34163,weighted_fusion,0,1,false_positive,misinterpreted_homophone_in_asr,Verified ML classification error under: asr_drift
EX34164,weighted_fusion,0,1,false_positive,misinterpreted_homophone_in_asr,Verified ML classification error under: asr_drift
EX34167,weighted_fusion,1,0,false_negative,visual_occlusion_low_light,Verified ML classification error under: visual_artifacts
EX34183,weighted_fusion,0,1,false_positive,misinterpreted_homophone_in_asr,Verified ML classification error under: asr_drift
EX34201,weighted_fusion,1,0,false_negative,audio_whisper_transcription_drift,Verified ML classification error under: asr_drift
EX34247,weighted_fusion,1,0,false_negative,audio_whisper_transcription_drift,Verified ML classification error under: asr_drift
EX34319,weighted_fusion,1,0,false_negative,roman_urdu_slang_missed,Verified ML classification error under: transliteration_ambiguity
EX34332,weighted_fusion,0,1,false_positive,roman_urdu_token_misclassification,Verified ML classification error under: transliteration_ambiguity
EX34378,weighted_fusion,0,1,false_positive,shadow_mimicking_graphic_contour,Verified ML classification error under: visual_artifacts
EX34387,weighted_fusion,1,0,false_negative,visual_occlusion_low_light,Verified ML classification error under: visual_artifacts
EX34401,weighted_fusion,1,0,false_negative,implicit_sarcasm_not_detected,Verified ML classification error under: sarcasm_miss
EX34411,weighted_fusion,1,0,false_negative,cross_modal_conflict_benign_text,Verified ML classification error under: modal_contradiction
EX34452,weighted_fusion,1,0,false_negative,implicit_sarcasm_not_detected,Verified ML classification error under: sarcasm_miss
EX34458,weighted_fusion,1,0,false_negative,audio_whisper_transcription_drift,Verified ML classification error under: asr_drift
EX34495,weighted_fusion,0,1,false_positive,misinterpreted_homophone_in_asr,Verified ML classification error under: asr_drift
EX34505,weighted_fusion,1,0,false_negative,out_of_distribution_cultural_slang,Verified ML classification error under: domain_shift
EX34508,weighted_fusion,0,1,false_positive,literal_interpretation_of_satire,Verified ML classification error under: sarcasm_miss
EX34522,weighted_fusion,1,0,false_negative,audio_whisper_transcription_drift,Verified ML classification error under: asr_drift
EX34535,weighted_fusion,0,1,false_positive,shadow_mimicking_graphic_contour,Verified ML classification error under: visual_artifacts
EX34561,weighted_fusion,1,0,false_negative,out_of_distribution_cultural_slang,Verified ML classification error under: domain_shift
EX34600,weighted_fusion,1,0,false_negative,out_of_distribution_cultural_slang,Verified ML classification error under: domain_shift
EX34618,weighted_fusion,1,0,false_negative,visual_occlusion_low_light,Verified ML classification error under: visual_artifacts
EX34625,weighted_fusion,1,0,false_negative,roman_urdu_slang_missed,Verified ML classification error under: transliteration_ambiguity
EX34637,weighted_fusion,0,1,false_positive,roman_urdu_token_misclassification,Verified ML classification error under: transliteration_ambiguity
EX34808,weighted_fusion,1,0,false_negative,out_of_distribution_cultural_slang,Verified ML classification error under: domain_shift
EX34874,weighted_fusion,1,0,false_negative,implicit_sarcasm_not_detected,Verified ML classification error under: sarcasm_miss
EX34880,weighted_fusion,1,0,false_negative,roman_urdu_slang_missed,Verified ML classification error under: transliteration_ambiguity
EX34882,weighted_fusion,1,0,false_negative,implicit_sarcasm_not_detected,Verified ML classification error under: sarcasm_miss
EX34894,weighted_fusion,0,1,false_positive,roman_urdu_token_misclassification,Verified ML classification error under: transliteration_ambiguity
EX34917,weighted_fusion,0,1,false_positive,roman_urdu_token_misclassification,Verified ML classification error under: transliteration_ambiguity
EX34927,weighted_fusion,1,0,false_negative,roman_urdu_slang_missed,Verified ML classification error under: transliteration_ambiguity
EX34930,weighted_fusion,1,0,false_negative,implicit_sarcasm_not_detected,Verified ML classification error under: sarcasm_miss
EX34935,weighted_fusion,1,0,false_negative,out_of_distribution_cultural_slang,Verified ML classification error under: domain_shift
EX34937,weighted_fusion,0,1,false_positive,misinterpreted_homophone_in_asr,Verified ML classification error under: asr_drift
EX35011,weighted_fusion,1,0,false_negative,cross_modal_conflict_benign_text,Verified ML classification error under: modal_contradiction
EX35012,weighted_fusion,0,1,false_positive,literal_interpretation_of_satire,Verified ML classification error under: sarcasm_miss
EX35025,weighted_fusion,0,1,false_positive,roman_urdu_token_misclassification,Verified ML classification error under: transliteration_ambiguity
EX35034,weighted_fusion,1,0,false_negative,cross_modal_conflict_benign_text,Verified ML classification error under: modal_contradiction
EX35036,weighted_fusion,1,0,false_negative,cross_modal_conflict_benign_text,Verified ML classification error under: modal_contradiction
EX35096,weighted_fusion,0,1,false_positive,roman_urdu_token_misclassification,Verified ML classification error under: transliteration_ambiguity
EX35146,weighted_fusion,1,0,false_negative,visual_occlusion_low_light,Verified ML classification error under: visual_artifacts
EX35209,weighted_fusion,0,1,false_positive,reclaimed_slang_falsely_flagged,Verified ML classification error under: domain_shift
EX35221,weighted_fusion,0,1,false_positive,literal_interpretation_of_satire,Verified ML classification error under: sarcasm_miss
EX35224,weighted_fusion,1,0,false_negative,visual_occlusion_low_light,Verified ML classification error under: visual_artifacts
EX35255,weighted_fusion,1,0,false_negative,implicit_sarcasm_not_detected,Verified ML classification error under: sarcasm_miss
EX35265,weighted_fusion,1,0,false_negative,visual_occlusion_low_light,Verified ML classification error under: visual_artifacts
EX35267,weighted_fusion,0,1,false_positive,reclaimed_slang_falsely_flagged,Verified ML classification error under: domain_shift
EX35279,weighted_fusion,1,0,false_negative,out_of_distribution_cultural_slang,Verified ML classification error under: domain_shift
EX35291,weighted_fusion,0,1,false_positive,misinterpreted_homophone_in_asr,Verified ML classification error under: asr_drift
EX35292,weighted_fusion,0,1,false_positive,reclaimed_slang_falsely_flagged,Verified ML classification error under: domain_shift
EX35308,weighted_fusion,0,1,false_positive,literal_interpretation_of_satire,Verified ML classification error under: sarcasm_miss
EX35311,weighted_fusion,1,0,false_negative,roman_urdu_slang_missed,Verified ML classification error under: transliteration_ambiguity
EX35346,weighted_fusion,1,0,false_negative,cross_modal_conflict_benign_text,Verified ML classification error under: modal_contradiction
EX35358,weighted_fusion,0,1,false_positive,shadow_mimicking_graphic_contour,Verified ML classification error under: visual_artifacts
EX35364,weighted_fusion,0,1,false_positive,literal_interpretation_of_satire,Verified ML classification error under: sarcasm_miss
EX35392,weighted_fusion,1,0,false_negative,cross_modal_conflict_benign_text,Verified ML classification error under: modal_contradiction
EX35476,weighted_fusion,0,1,false_positive,misinterpreted_homophone_in_asr,Verified ML classification error under: asr_drift
EX35481,weighted_fusion,1,0,false_negative,roman_urdu_slang_missed,Verified ML classification error under: transliteration_ambiguity
EX35529,weighted_fusion,0,1,false_positive,literal_interpretation_of_satire,Verified ML classification error under: sarcasm_miss
EX35543,weighted_fusion,0,1,false_positive,literal_interpretation_of_satire,Verified ML classification error under: sarcasm_miss
EX35548,weighted_fusion,1,0,false_negative,visual_occlusion_low_light,Verified ML classification error under: visual_artifacts
EX35575,weighted_fusion,1,0,false_negative,audio_whisper_transcription_drift,Verified ML classification error under: asr_drift
EX35591,weighted_fusion,0,1,false_positive,roman_urdu_token_misclassification,Verified ML classification error under: transliteration_ambiguity
EX35621,weighted_fusion,0,1,false_positive,literal_interpretation_of_satire,Verified ML classification error under: sarcasm_miss
EX35645,weighted_fusion,0,1,false_positive,literal_interpretation_of_satire,Verified ML classification error under: sarcasm_miss
EX35653,weighted_fusion,0,1,false_positive,reclaimed_slang_falsely_flagged,Verified ML classification error under: domain_shift
EX35661,weighted_fusion,1,0,false_negative,roman_urdu_slang_missed,Verified ML classification error under: transliteration_ambiguity
EX35704,weighted_fusion,0,1,false_positive,exaggerated_emotional_voice,Verified ML classification error under: modal_contradiction
EX35715,weighted_fusion,1,0,false_negative,roman_urdu_slang_missed,Verified ML classification error under: transliteration_ambiguity
EX35763,weighted_fusion,0,1,false_positive,reclaimed_slang_falsely_flagged,Verified ML classification error under: domain_shift
EX35832,weighted_fusion,1,0,false_negative,roman_urdu_slang_missed,Verified ML classification error under: transliteration_ambiguity
EX35858,weighted_fusion,1,0,false_negative,roman_urdu_slang_missed,Verified ML classification error under: transliteration_ambiguity
EX35860,weighted_fusion,0,1,false_positive,exaggerated_emotional_voice,Verified ML classification error under: modal_contradiction
EX35862,weighted_fusion,1,0,false_negative,audio_whisper_transcription_drift,Verified ML classification error under: asr_drift
EX35880,weighted_fusion,1,0,false_negative,visual_occlusion_low_light,Verified ML classification error under: visual_artifacts
EX35895,weighted_fusion,0,1,false_positive,reclaimed_slang_falsely_flagged,Verified ML classification error under: domain_shift
EX35906,weighted_fusion,0,1,false_positive,roman_urdu_token_misclassification,Verified ML classification error under: transliteration_ambiguity
EX35979,weighted_fusion,1,0,false_negative,implicit_sarcasm_not_detected,Verified ML classification error under: sarcasm_miss
EX35980,weighted_fusion,1,0,false_negative,out_of_distribution_cultural_slang,Verified ML classification error under: domain_shift
EX36005,weighted_fusion,0,1,false_positive,shadow_mimicking_graphic_contour,Verified ML classification error under: visual_artifacts
EX36038,weighted_fusion,0,1,false_positive,misinterpreted_homophone_in_asr,Verified ML classification error under: asr_drift
EX36054,weighted_fusion,1,0,false_negative,visual_occlusion_low_light,Verified ML classification error under: visual_artifacts
EX36063,weighted_fusion,1,0,false_negative,audio_whisper_transcription_drift,Verified ML classification error under: asr_drift
EX36064,weighted_fusion,1,0,false_negative,implicit_sarcasm_not_detected,Verified ML classification error under: sarcasm_miss
EX36081,weighted_fusion,1,0,false_negative,implicit_sarcasm_not_detected,Verified ML classification error under: sarcasm_miss
EX36088,weighted_fusion,0,1,false_positive,roman_urdu_token_misclassification,Verified ML classification error under: transliteration_ambiguity
EX36128,weighted_fusion,0,1,false_positive,roman_urdu_token_misclassification,Verified ML classification error under: transliteration_ambiguity
EX36133,weighted_fusion,0,1,false_positive,misinterpreted_homophone_in_asr,Verified ML classification error under: asr_drift
EX36135,weighted_fusion,1,0,false_negative,implicit_sarcasm_not_detected,Verified ML classification error under: sarcasm_miss
EX36157,weighted_fusion,1,0,false_negative,implicit_sarcasm_not_detected,Verified ML classification error under: sarcasm_miss
EX36258,weighted_fusion,1,0,false_negative,out_of_distribution_cultural_slang,Verified ML classification error under: domain_shift
EX36267,weighted_fusion,1,0,false_negative,implicit_sarcasm_not_detected,Verified ML classification error under: sarcasm_miss
EX36270,weighted_fusion,0,1,false_positive,reclaimed_slang_falsely_flagged,Verified ML classification error under: domain_shift
EX36292,weighted_fusion,1,0,false_negative,visual_occlusion_low_light,Verified ML classification error under: visual_artifacts
EX36305,weighted_fusion,1,0,false_negative,implicit_sarcasm_not_detected,Verified ML classification error under: sarcasm_miss
EX36308,weighted_fusion,1,0,false_negative,audio_whisper_transcription_drift,Verified ML classification error under: asr_drift
EX36323,weighted_fusion,1,0,false_negative,out_of_distribution_cultural_slang,Verified ML classification error under: domain_shift
EX36349,weighted_fusion,1,0,false_negative,roman_urdu_slang_missed,Verified ML classification error under: transliteration_ambiguity
EX36353,weighted_fusion,0,1,false_positive,literal_interpretation_of_satire,Verified ML classification error under: sarcasm_miss
EX36355,weighted_fusion,1,0,false_negative,visual_occlusion_low_light,Verified ML classification error under: visual_artifacts
EX36380,weighted_fusion,1,0,false_negative,audio_whisper_transcription_drift,Verified ML classification error under: asr_drift
EX36398,weighted_fusion,1,0,false_negative,audio_whisper_transcription_drift,Verified ML classification error under: asr_drift
EX36409,weighted_fusion,0,1,false_positive,shadow_mimicking_graphic_contour,Verified ML classification error under: visual_artifacts
EX36422,weighted_fusion,1,0,false_negative,roman_urdu_slang_missed,Verified ML classification error under: transliteration_ambiguity
EX36445,weighted_fusion,1,0,false_negative,implicit_sarcasm_not_detected,Verified ML classification error under: sarcasm_miss
EX36458,weighted_fusion,1,0,false_negative,out_of_distribution_cultural_slang,Verified ML classification error under: domain_shift
EX36466,weighted_fusion,0,1,false_positive,roman_urdu_token_misclassification,Verified ML classification error under: transliteration_ambiguity
EX36511,weighted_fusion,1,0,false_negative,visual_occlusion_low_light,Verified ML classification error under: visual_artifacts
EX36525,weighted_fusion,1,0,false_negative,out_of_distribution_cultural_slang,Verified ML classification error under: domain_shift
EX36526,weighted_fusion,1,0,false_negative,visual_occlusion_low_light,Verified ML classification error under: visual_artifacts
EX36598,weighted_fusion,1,0,false_negative,audio_whisper_transcription_drift,Verified ML classification error under: asr_drift
EX36609,weighted_fusion,1,0,false_negative,visual_occlusion_low_light,Verified ML classification error under: visual_artifacts
EX36626,weighted_fusion,1,0,false_negative,implicit_sarcasm_not_detected,Verified ML classification error under: sarcasm_miss
EX36662,weighted_fusion,0,1,false_positive,reclaimed_slang_falsely_flagged,Verified ML classification error under: domain_shift
EX36721,weighted_fusion,1,0,false_negative,roman_urdu_slang_missed,Verified ML classification error under: transliteration_ambiguity
EX36734,weighted_fusion,0,1,false_positive,reclaimed_slang_falsely_flagged,Verified ML classification error under: domain_shift
EX36811,weighted_fusion,0,1,false_positive,reclaimed_slang_falsely_flagged,Verified ML classification error under: domain_shift
EX36838,weighted_fusion,1,0,false_negative,implicit_sarcasm_not_detected,Verified ML classification error under: sarcasm_miss
EX36846,weighted_fusion,1,0,false_negative,cross_modal_conflict_benign_text,Verified ML classification error under: modal_contradiction
EX36878,weighted_fusion,0,1,false_positive,roman_urdu_token_misclassification,Verified ML classification error under: transliteration_ambiguity
EX36894,weighted_fusion,0,1,false_positive,reclaimed_slang_falsely_flagged,Verified ML classification error under: domain_shift
EX36913,weighted_fusion,0,1,false_positive,roman_urdu_token_misclassification,Verified ML classification error under: transliteration_ambiguity
EX36915,weighted_fusion,1,0,false_negative,audio_whisper_transcription_drift,Verified ML classification error under: asr_drift
EX36931,weighted_fusion,0,1,false_positive,shadow_mimicking_graphic_contour,Verified ML classification error under: visual_artifacts
EX37056,weighted_fusion,1,0,false_negative,visual_occlusion_low_light,Verified ML classification error under: visual_artifacts
EX37099,weighted_fusion,0,1,false_positive,exaggerated_emotional_voice,Verified ML classification error under: modal_contradiction
EX37120,weighted_fusion,1,0,false_negative,audio_whisper_transcription_drift,Verified ML classification error under: asr_drift
EX37138,weighted_fusion,0,1,false_positive,exaggerated_emotional_voice,Verified ML classification error under: modal_contradiction
EX37146,weighted_fusion,1,0,false_negative,out_of_distribution_cultural_slang,Verified ML classification error under: domain_shift
EX37148,weighted_fusion,0,1,false_positive,roman_urdu_token_misclassification,Verified ML classification error under: transliteration_ambiguity
EX37183,weighted_fusion,1,0,false_negative,visual_occlusion_low_light,Verified ML classification error under: visual_artifacts
EX37197,weighted_fusion,1,0,false_negative,out_of_distribution_cultural_slang,Verified ML classification error under: domain_shift
EX37198,weighted_fusion,1,0,false_negative,visual_occlusion_low_light,Verified ML classification error under: visual_artifacts
EX37236,weighted_fusion,0,1,false_positive,exaggerated_emotional_voice,Verified ML classification error under: modal_contradiction
EX37240,weighted_fusion,1,0,false_negative,visual_occlusion_low_light,Verified ML classification error under: visual_artifacts
EX37299,weighted_fusion,1,0,false_negative,visual_occlusion_low_light,Verified ML classification error under: visual_artifacts
EX37301,weighted_fusion,0,1,false_positive,literal_interpretation_of_satire,Verified ML classification error under: sarcasm_miss
EX37336,weighted_fusion,1,0,false_negative,visual_occlusion_low_light,Verified ML classification error under: visual_artifacts
EX37360,weighted_fusion,0,1,false_positive,reclaimed_slang_falsely_flagged,Verified ML classification error under: domain_shift
EX37362,weighted_fusion,0,1,false_positive,roman_urdu_token_misclassification,Verified ML classification error under: transliteration_ambiguity
EX37379,weighted_fusion,0,1,false_positive,literal_interpretation_of_satire,Verified ML classification error under: sarcasm_miss
EX37408,weighted_fusion,1,0,false_negative,implicit_sarcasm_not_detected,Verified ML classification error under: sarcasm_miss
EX37449,weighted_fusion,1,0,false_negative,out_of_distribution_cultural_slang,Verified ML classification error under: domain_shift
EX37479,weighted_fusion,1,0,false_negative,out_of_distribution_cultural_slang,Verified ML classification error under: domain_shift
EX37490,weighted_fusion,0,1,false_positive,literal_interpretation_of_satire,Verified ML classification error under: sarcasm_miss
EX37544,weighted_fusion,0,1,false_positive,literal_interpretation_of_satire,Verified ML classification error under: sarcasm_miss
EX37573,weighted_fusion,1,0,false_negative,visual_occlusion_low_light,Verified ML classification error under: visual_artifacts
EX37574,weighted_fusion,1,0,false_negative,visual_occlusion_low_light,Verified ML classification error under: visual_artifacts
EX37580,weighted_fusion,1,0,false_negative,out_of_distribution_cultural_slang,Verified ML classification error under: domain_shift
EX37628,weighted_fusion,0,1,false_positive,literal_interpretation_of_satire,Verified ML classification error under: sarcasm_miss
EX37633,weighted_fusion,1,0,false_negative,implicit_sarcasm_not_detected,Verified ML classification error under: sarcasm_miss
EX37664,weighted_fusion,0,1,false_positive,misinterpreted_homophone_in_asr,Verified ML classification error under: asr_drift
EX37685,weighted_fusion,1,0,false_negative,audio_whisper_transcription_drift,Verified ML classification error under: asr_drift
EX37724,weighted_fusion,1,0,false_negative,out_of_distribution_cultural_slang,Verified ML classification error under: domain_shift
EX37750,weighted_fusion,1,0,false_negative,roman_urdu_slang_missed,Verified ML classification error under: transliteration_ambiguity
EX37761,weighted_fusion,1,0,false_negative,visual_occlusion_low_light,Verified ML classification error under: visual_artifacts
EX37775,weighted_fusion,0,1,false_positive,misinterpreted_homophone_in_asr,Verified ML classification error under: asr_drift
EX37776,weighted_fusion,0,1,false_positive,literal_interpretation_of_satire,Verified ML classification error under: sarcasm_miss
EX37805,weighted_fusion,1,0,false_negative,cross_modal_conflict_benign_text,Verified ML classification error under: modal_contradiction
EX37813,weighted_fusion,1,0,false_negative,visual_occlusion_low_light,Verified ML classification error under: visual_artifacts
EX37818,weighted_fusion,1,0,false_negative,out_of_distribution_cultural_slang,Verified ML classification error under: domain_shift
EX37850,weighted_fusion,0,1,false_positive,reclaimed_slang_falsely_flagged,Verified ML classification error under: domain_shift
EX37936,weighted_fusion,1,0,false_negative,visual_occlusion_low_light,Verified ML classification error under: visual_artifacts
EX37951,weighted_fusion,1,0,false_negative,audio_whisper_transcription_drift,Verified ML classification error under: asr_drift
EX37984,weighted_fusion,1,0,false_negative,roman_urdu_slang_missed,Verified ML classification error under: transliteration_ambiguity
EX38014,weighted_fusion,0,1,false_positive,shadow_mimicking_graphic_contour,Verified ML classification error under: visual_artifacts
EX38019,weighted_fusion,0,1,false_positive,misinterpreted_homophone_in_asr,Verified ML classification error under: asr_drift
EX38042,weighted_fusion,0,1,false_positive,shadow_mimicking_graphic_contour,Verified ML classification error under: visual_artifacts
EX38133,weighted_fusion,0,1,false_positive,literal_interpretation_of_satire,Verified ML classification error under: sarcasm_miss
EX38160,weighted_fusion,0,1,false_positive,shadow_mimicking_graphic_contour,Verified ML classification error under: visual_artifacts
EX38161,weighted_fusion,1,0,false_negative,out_of_distribution_cultural_slang,Verified ML classification error under: domain_shift
EX38211,weighted_fusion,1,0,false_negative,out_of_distribution_cultural_slang,Verified ML classification error under: domain_shift
EX38249,weighted_fusion,0,1,false_positive,literal_interpretation_of_satire,Verified ML classification error under: sarcasm_miss
EX38252,weighted_fusion,1,0,false_negative,implicit_sarcasm_not_detected,Verified ML classification error under: sarcasm_miss
EX38268,weighted_fusion,1,0,false_negative,implicit_sarcasm_not_detected,Verified ML classification error under: sarcasm_miss
EX38306,weighted_fusion,1,0,false_negative,audio_whisper_transcription_drift,Verified ML classification error under: asr_drift
EX38312,weighted_fusion,1,0,false_negative,roman_urdu_slang_missed,Verified ML classification error under: transliteration_ambiguity
EX38330,weighted_fusion,1,0,false_negative,out_of_distribution_cultural_slang,Verified ML classification error under: domain_shift
EX38405,weighted_fusion,0,1,false_positive,shadow_mimicking_graphic_contour,Verified ML classification error under: visual_artifacts
EX38442,weighted_fusion,1,0,false_negative,cross_modal_conflict_benign_text,Verified ML classification error under: modal_contradiction
EX38445,weighted_fusion,0,1,false_positive,reclaimed_slang_falsely_flagged,Verified ML classification error under: domain_shift
EX38475,weighted_fusion,0,1,false_positive,literal_interpretation_of_satire,Verified ML classification error under: sarcasm_miss
EX38491,weighted_fusion,0,1,false_positive,reclaimed_slang_falsely_flagged,Verified ML classification error under: domain_shift
EX38516,weighted_fusion,1,0,false_negative,out_of_distribution_cultural_slang,Verified ML classification error under: domain_shift
EX38537,weighted_fusion,0,1,false_positive,misinterpreted_homophone_in_asr,Verified ML classification error under: asr_drift
EX38574,weighted_fusion,1,0,false_negative,audio_whisper_transcription_drift,Verified ML classification error under: asr_drift
EX38583,weighted_fusion,0,1,false_positive,shadow_mimicking_graphic_contour,Verified ML classification error under: visual_artifacts
EX38588,weighted_fusion,1,0,false_negative,audio_whisper_transcription_drift,Verified ML classification error under: asr_drift
EX38607,weighted_fusion,0,1,false_positive,roman_urdu_token_misclassification,Verified ML classification error under: transliteration_ambiguity
EX38656,weighted_fusion,1,0,false_negative,visual_occlusion_low_light,Verified ML classification error under: visual_artifacts
EX38657,weighted_fusion,1,0,false_negative,audio_whisper_transcription_drift,Verified ML classification error under: asr_drift
EX38667,weighted_fusion,0,1,false_positive,shadow_mimicking_graphic_contour,Verified ML classification error under: visual_artifacts
EX38695,weighted_fusion,0,1,false_positive,roman_urdu_token_misclassification,Verified ML classification error under: transliteration_ambiguity
EX38795,weighted_fusion,0,1,false_positive,literal_interpretation_of_satire,Verified ML classification error under: sarcasm_miss
EX38825,weighted_fusion,0,1,false_positive,reclaimed_slang_falsely_flagged,Verified ML classification error under: domain_shift
EX38834,weighted_fusion,1,0,false_negative,out_of_distribution_cultural_slang,Verified ML classification error under: domain_shift
EX38853,weighted_fusion,1,0,false_negative,implicit_sarcasm_not_detected,Verified ML classification error under: sarcasm_miss
EX38856,weighted_fusion,1,0,false_negative,roman_urdu_slang_missed,Verified ML classification error under: transliteration_ambiguity
EX38860,weighted_fusion,1,0,false_negative,roman_urdu_slang_missed,Verified ML classification error under: transliteration_ambiguity
EX38882,weighted_fusion,1,0,false_negative,roman_urdu_slang_missed,Verified ML classification error under: transliteration_ambiguity
EX38896,weighted_fusion,0,1,false_positive,misinterpreted_homophone_in_asr,Verified ML classification error under: asr_drift
EX38902,weighted_fusion,0,1,false_positive,roman_urdu_token_misclassification,Verified ML classification error under: transliteration_ambiguity
EX38945,weighted_fusion,1,0,false_negative,out_of_distribution_cultural_slang,Verified ML classification error under: domain_shift
EX38946,weighted_fusion,0,1,false_positive,misinterpreted_homophone_in_asr,Verified ML classification error under: asr_drift
EX38949,weighted_fusion,0,1,false_positive,roman_urdu_token_misclassification,Verified ML classification error under: transliteration_ambiguity
EX38957,weighted_fusion,1,0,false_negative,cross_modal_conflict_benign_text,Verified ML classification error under: modal_contradiction
EX38973,weighted_fusion,0,1,false_positive,exaggerated_emotional_voice,Verified ML classification error under: modal_contradiction
EX38980,weighted_fusion,0,1,false_positive,reclaimed_slang_falsely_flagged,Verified ML classification error under: domain_shift
EX38990,weighted_fusion,1,0,false_negative,roman_urdu_slang_missed,Verified ML classification error under: transliteration_ambiguity
EX39014,weighted_fusion,0,1,false_positive,exaggerated_emotional_voice,Verified ML classification error under: modal_contradiction
EX39045,weighted_fusion,0,1,false_positive,literal_interpretation_of_satire,Verified ML classification error under: sarcasm_miss
EX39092,weighted_fusion,0,1,false_positive,literal_interpretation_of_satire,Verified ML classification error under: sarcasm_miss
EX39140,weighted_fusion,1,0,false_negative,roman_urdu_slang_missed,Verified ML classification error under: transliteration_ambiguity
EX39143,weighted_fusion,0,1,false_positive,exaggerated_emotional_voice,Verified ML classification error under: modal_contradiction
EX39153,weighted_fusion,0,1,false_positive,exaggerated_emotional_voice,Verified ML classification error under: modal_contradiction
EX39229,weighted_fusion,0,1,false_positive,literal_interpretation_of_satire,Verified ML classification error under: sarcasm_miss
EX39231,weighted_fusion,0,1,false_positive,literal_interpretation_of_satire,Verified ML classification error under: sarcasm_miss
EX39266,weighted_fusion,1,0,false_negative,implicit_sarcasm_not_detected,Verified ML classification error under: sarcasm_miss
EX39271,weighted_fusion,0,1,false_positive,shadow_mimicking_graphic_contour,Verified ML classification error under: visual_artifacts
EX39288,weighted_fusion,1,0,false_negative,visual_occlusion_low_light,Verified ML classification error under: visual_artifacts
EX39304,weighted_fusion,0,1,false_positive,literal_interpretation_of_satire,Verified ML classification error under: sarcasm_miss
EX39318,weighted_fusion,1,0,false_negative,cross_modal_conflict_benign_text,Verified ML classification error under: modal_contradiction
EX39349,weighted_fusion,1,0,false_negative,roman_urdu_slang_missed,Verified ML classification error under: transliteration_ambiguity
EX39369,weighted_fusion,1,0,false_negative,cross_modal_conflict_benign_text,Verified ML classification error under: modal_contradiction
EX39426,weighted_fusion,1,0,false_negative,implicit_sarcasm_not_detected,Verified ML classification error under: sarcasm_miss
EX39449,weighted_fusion,1,0,false_negative,out_of_distribution_cultural_slang,Verified ML classification error under: domain_shift
EX39461,weighted_fusion,0,1,false_positive,exaggerated_emotional_voice,Verified ML classification error under: modal_contradiction
EX39478,weighted_fusion,0,1,false_positive,misinterpreted_homophone_in_asr,Verified ML classification error under: asr_drift
EX39479,weighted_fusion,1,0,false_negative,out_of_distribution_cultural_slang,Verified ML classification error under: domain_shift
EX39532,weighted_fusion,0,1,false_positive,shadow_mimicking_graphic_contour,Verified ML classification error under: visual_artifacts
EX39542,weighted_fusion,1,0,false_negative,cross_modal_conflict_benign_text,Verified ML classification error under: modal_contradiction
EX39551,weighted_fusion,0,1,false_positive,roman_urdu_token_misclassification,Verified ML classification error under: transliteration_ambiguity
EX39583,weighted_fusion,1,0,false_negative,visual_occlusion_low_light,Verified ML classification error under: visual_artifacts
EX39617,weighted_fusion,1,0,false_negative,audio_whisper_transcription_drift,Verified ML classification error under: asr_drift
EX39646,weighted_fusion,1,0,false_negative,visual_occlusion_low_light,Verified ML classification error under: visual_artifacts
EX39650,weighted_fusion,0,1,false_positive,shadow_mimicking_graphic_contour,Verified ML classification error under: visual_artifacts
EX39666,weighted_fusion,1,0,false_negative,cross_modal_conflict_benign_text,Verified ML classification error under: modal_contradiction
EX39696,weighted_fusion,1,0,false_negative,implicit_sarcasm_not_detected,Verified ML classification error under: sarcasm_miss
EX39704,weighted_fusion,1,0,false_negative,cross_modal_conflict_benign_text,Verified ML classification error under: modal_contradiction
EX39712,weighted_fusion,1,0,false_negative,implicit_sarcasm_not_detected,Verified ML classification error under: sarcasm_miss
EX39753,weighted_fusion,0,1,false_positive,shadow_mimicking_graphic_contour,Verified ML classification error under: visual_artifacts
EX39780,weighted_fusion,1,0,false_negative,roman_urdu_slang_missed,Verified ML classification error under: transliteration_ambiguity
EX39790,weighted_fusion,1,0,false_negative,cross_modal_conflict_benign_text,Verified ML classification error under: modal_contradiction
EX39793,weighted_fusion,1,0,false_negative,visual_occlusion_low_light,Verified ML classification error under: visual_artifacts
EX39795,weighted_fusion,1,0,false_negative,cross_modal_conflict_benign_text,Verified ML classification error under: modal_contradiction
EX39831,weighted_fusion,1,0,false_negative,implicit_sarcasm_not_detected,Verified ML classification error under: sarcasm_miss
EX39853,weighted_fusion,0,1,false_positive,misinterpreted_homophone_in_asr,Verified ML classification error under: asr_drift
EX39860,weighted_fusion,1,0,false_negative,cross_modal_conflict_benign_text,Verified ML classification error under: modal_contradiction
EX39879,weighted_fusion,0,1,false_positive,reclaimed_slang_falsely_flagged,Verified ML classification error under: domain_shift
EX39907,weighted_fusion,1,0,false_negative,cross_modal_conflict_benign_text,Verified ML classification error under: modal_contradiction
EX39931,weighted_fusion,0,1,false_positive,exaggerated_emotional_voice,Verified ML classification error under: modal_contradiction
EX39938,weighted_fusion,0,1,false_positive,exaggerated_emotional_voice,Verified ML classification error under: modal_contradiction
EX39968,weighted_fusion,0,1,false_positive,roman_urdu_token_misclassification,Verified ML classification error under: transliteration_ambiguity
EX39980,weighted_fusion,1,0,false_negative,visual_occlusion_low_light,Verified ML classification error under: visual_artifacts
EX39986,weighted_fusion,1,0,false_negative,cross_modal_conflict_benign_text,Verified ML classification error under: modal_contradiction
EX39999,weighted_fusion,1,0,false_negative,cross_modal_conflict_benign_text,Verified ML classification error under: modal_contradiction
EX40019,weighted_fusion,1,0,false_negative,implicit_sarcasm_not_detected,Verified ML classification error under: sarcasm_miss
EX40041,weighted_fusion,0,1,false_positive,exaggerated_emotional_voice,Verified ML classification error under: modal_contradiction
EX40138,weighted_fusion,0,1,false_positive,literal_interpretation_of_satire,Verified ML classification error under: sarcasm_miss
EX40265,weighted_fusion,0,1,false_positive,misinterpreted_homophone_in_asr,Verified ML classification error under: asr_drift
EX40278,weighted_fusion,1,0,false_negative,visual_occlusion_low_light,Verified ML classification error under: visual_artifacts
EX40287,weighted_fusion,1,0,false_negative,implicit_sarcasm_not_detected,Verified ML classification error under: sarcasm_miss
EX40320,weighted_fusion,0,1,false_positive,roman_urdu_token_misclassification,Verified ML classification error under: transliteration_ambiguity
EX40327,weighted_fusion,0,1,false_positive,exaggerated_emotional_voice,Verified ML classification error under: modal_contradiction
EX40332,weighted_fusion,1,0,false_negative,audio_whisper_transcription_drift,Verified ML classification error under: asr_drift
EX40393,weighted_fusion,1,0,false_negative,out_of_distribution_cultural_slang,Verified ML classification error under: domain_shift
EX40455,weighted_fusion,1,0,false_negative,roman_urdu_slang_missed,Verified ML classification error under: transliteration_ambiguity
EX40499,weighted_fusion,0,1,false_positive,roman_urdu_token_misclassification,Verified ML classification error under: transliteration_ambiguity
EX40536,weighted_fusion,0,1,false_positive,exaggerated_emotional_voice,Verified ML classification error under: modal_contradiction
EX40546,weighted_fusion,1,0,false_negative,cross_modal_conflict_benign_text,Verified ML classification error under: modal_contradiction
EX40548,weighted_fusion,0,1,false_positive,exaggerated_emotional_voice,Verified ML classification error under: modal_contradiction
EX40618,weighted_fusion,0,1,false_positive,misinterpreted_homophone_in_asr,Verified ML classification error under: asr_drift
EX40637,weighted_fusion,1,0,false_negative,audio_whisper_transcription_drift,Verified ML classification error under: asr_drift
EX40640,weighted_fusion,0,1,false_positive,reclaimed_slang_falsely_flagged,Verified ML classification error under: domain_shift
EX40642,weighted_fusion,1,0,false_negative,out_of_distribution_cultural_slang,Verified ML classification error under: domain_shift
EX40673,weighted_fusion,0,1,false_positive,misinterpreted_homophone_in_asr,Verified ML classification error under: asr_drift
EX40686,weighted_fusion,0,1,false_positive,shadow_mimicking_graphic_contour,Verified ML classification error under: visual_artifacts
EX40762,weighted_fusion,1,0,false_negative,cross_modal_conflict_benign_text,Verified ML classification error under: modal_contradiction
EX40800,weighted_fusion,0,1,false_positive,exaggerated_emotional_voice,Verified ML classification error under: modal_contradiction
EX40809,weighted_fusion,1,0,false_negative,visual_occlusion_low_light,Verified ML classification error under: visual_artifacts
EX40834,weighted_fusion,1,0,false_negative,audio_whisper_transcription_drift,Verified ML classification error under: asr_drift
EX40839,weighted_fusion,1,0,false_negative,out_of_distribution_cultural_slang,Verified ML classification error under: domain_shift
EX40862,weighted_fusion,1,0,false_negative,out_of_distribution_cultural_slang,Verified ML classification error under: domain_shift
EX40873,weighted_fusion,1,0,false_negative,audio_whisper_transcription_drift,Verified ML classification error under: asr_drift
EX40890,weighted_fusion,0,1,false_positive,reclaimed_slang_falsely_flagged,Verified ML classification error under: domain_shift
EX40898,weighted_fusion,1,0,false_negative,visual_occlusion_low_light,Verified ML classification error under: visual_artifacts
EX40909,weighted_fusion,0,1,false_positive,roman_urdu_token_misclassification,Verified ML classification error under: transliteration_ambiguity
EX40912,weighted_fusion,0,1,false_positive,exaggerated_emotional_voice,Verified ML classification error under: modal_contradiction
EX40919,weighted_fusion,0,1,false_positive,literal_interpretation_of_satire,Verified ML classification error under: sarcasm_miss
EX40987,weighted_fusion,1,0,false_negative,audio_whisper_transcription_drift,Verified ML classification error under: asr_drift
EX41006,weighted_fusion,0,1,false_positive,misinterpreted_homophone_in_asr,Verified ML classification error under: asr_drift
EX41041,weighted_fusion,0,1,false_positive,misinterpreted_homophone_in_asr,Verified ML classification error under: asr_drift
EX41092,weighted_fusion,1,0,false_negative,cross_modal_conflict_benign_text,Verified ML classification error under: modal_contradiction
EX41100,weighted_fusion,0,1,false_positive,reclaimed_slang_falsely_flagged,Verified ML classification error under: domain_shift
EX41101,weighted_fusion,1,0,false_negative,cross_modal_conflict_benign_text,Verified ML classification error under: modal_contradiction
EX41122,weighted_fusion,0,1,false_positive,roman_urdu_token_misclassification,Verified ML classification error under: transliteration_ambiguity
EX41157,weighted_fusion,0,1,false_positive,exaggerated_emotional_voice,Verified ML classification error under: modal_contradiction
EX41158,weighted_fusion,1,0,false_negative,out_of_distribution_cultural_slang,Verified ML classification error under: domain_shift
EX41166,weighted_fusion,1,0,false_negative,visual_occlusion_low_light,Verified ML classification error under: visual_artifacts
EX41177,weighted_fusion,0,1,false_positive,roman_urdu_token_misclassification,Verified ML classification error under: transliteration_ambiguity
EX41207,weighted_fusion,0,1,false_positive,literal_interpretation_of_satire,Verified ML classification error under: sarcasm_miss
EX41253,weighted_fusion,0,1,false_positive,literal_interpretation_of_satire,Verified ML classification error under: sarcasm_miss
EX41260,weighted_fusion,0,1,false_positive,literal_interpretation_of_satire,Verified ML classification error under: sarcasm_miss
EX41282,weighted_fusion,1,0,false_negative,roman_urdu_slang_missed,Verified ML classification error under: transliteration_ambiguity
EX41327,weighted_fusion,0,1,false_positive,exaggerated_emotional_voice,Verified ML classification error under: modal_contradiction
EX41338,weighted_fusion,1,0,false_negative,roman_urdu_slang_missed,Verified ML classification error under: transliteration_ambiguity
EX41364,weighted_fusion,1,0,false_negative,visual_occlusion_low_light,Verified ML classification error under: visual_artifacts
EX41423,weighted_fusion,1,0,false_negative,cross_modal_conflict_benign_text,Verified ML classification error under: modal_contradiction
EX41462,weighted_fusion,0,1,false_positive,roman_urdu_token_misclassification,Verified ML classification error under: transliteration_ambiguity
EX41495,weighted_fusion,0,1,false_positive,reclaimed_slang_falsely_flagged,Verified ML classification error under: domain_shift
EX41542,weighted_fusion,1,0,false_negative,audio_whisper_transcription_drift,Verified ML classification error under: asr_drift
EX41567,weighted_fusion,0,1,false_positive,roman_urdu_token_misclassification,Verified ML classification error under: transliteration_ambiguity
EX41594,weighted_fusion,1,0,false_negative,visual_occlusion_low_light,Verified ML classification error under: visual_artifacts
EX41607,weighted_fusion,0,1,false_positive,misinterpreted_homophone_in_asr,Verified ML classification error under: asr_drift
EX41692,weighted_fusion,0,1,false_positive,roman_urdu_token_misclassification,Verified ML classification error under: transliteration_ambiguity
EX41712,weighted_fusion,1,0,false_negative,out_of_distribution_cultural_slang,Verified ML classification error under: domain_shift
EX41785,weighted_fusion,1,0,false_negative,visual_occlusion_low_light,Verified ML classification error under: visual_artifacts
EX41812,weighted_fusion,0,1,false_positive,reclaimed_slang_falsely_flagged,Verified ML classification error under: domain_shift
EX41833,weighted_fusion,1,0,false_negative,out_of_distribution_cultural_slang,Verified ML classification error under: domain_shift
EX41834,weighted_fusion,1,0,false_negative,out_of_distribution_cultural_slang,Verified ML classification error under: domain_shift
EX41835,weighted_fusion,0,1,false_positive,misinterpreted_homophone_in_asr,Verified ML classification error under: asr_drift
EX41849,weighted_fusion,0,1,false_positive,misinterpreted_homophone_in_asr,Verified ML classification error under: asr_drift
EX41869,weighted_fusion,1,0,false_negative,audio_whisper_transcription_drift,Verified ML classification error under: asr_drift
EX41922,weighted_fusion,1,0,false_negative,visual_occlusion_low_light,Verified ML classification error under: visual_artifacts
EX41926,weighted_fusion,1,0,false_negative,implicit_sarcasm_not_detected,Verified ML classification error under: sarcasm_miss
EX41929,weighted_fusion,1,0,false_negative,roman_urdu_slang_missed,Verified ML classification error under: transliteration_ambiguity
EX41931,weighted_fusion,0,1,false_positive,exaggerated_emotional_voice,Verified ML classification error under: modal_contradiction
EX41954,weighted_fusion,1,0,false_negative,audio_whisper_transcription_drift,Verified ML classification error under: asr_drift
EX42002,weighted_fusion,1,0,false_negative,implicit_sarcasm_not_detected,Verified ML classification error under: sarcasm_miss
EX42020,weighted_fusion,0,1,false_positive,exaggerated_emotional_voice,Verified ML classification error under: modal_contradiction
EX42030,weighted_fusion,0,1,false_positive,exaggerated_emotional_voice,Verified ML classification error under: modal_contradiction
EX42087,weighted_fusion,1,0,false_negative,implicit_sarcasm_not_detected,Verified ML classification error under: sarcasm_miss
EX42142,weighted_fusion,1,0,false_negative,cross_modal_conflict_benign_text,Verified ML classification error under: modal_contradiction
EX42145,weighted_fusion,0,1,false_positive,exaggerated_emotional_voice,Verified ML classification error under: modal_contradiction
EX42150,weighted_fusion,1,0,false_negative,out_of_distribution_cultural_slang,Verified ML classification error under: domain_shift
EX42158,weighted_fusion,1,0,false_negative,audio_whisper_transcription_drift,Verified ML classification error under: asr_drift
EX42190,weighted_fusion,1,0,false_negative,audio_whisper_transcription_drift,Verified ML classification error under: asr_drift
EX42205,weighted_fusion,1,0,false_negative,audio_whisper_transcription_drift,Verified ML classification error under: asr_drift
EX42210,weighted_fusion,0,1,false_positive,exaggerated_emotional_voice,Verified ML classification error under: modal_contradiction
EX42213,weighted_fusion,0,1,false_positive,roman_urdu_token_misclassification,Verified ML classification error under: transliteration_ambiguity
EX42221,weighted_fusion,0,1,false_positive,reclaimed_slang_falsely_flagged,Verified ML classification error under: domain_shift
EX42294,weighted_fusion,0,1,false_positive,shadow_mimicking_graphic_contour,Verified ML classification error under: visual_artifacts
EX42296,weighted_fusion,0,1,false_positive,exaggerated_emotional_voice,Verified ML classification error under: modal_contradiction
EX42310,weighted_fusion,1,0,false_negative,visual_occlusion_low_light,Verified ML classification error under: visual_artifacts
EX42341,weighted_fusion,0,1,false_positive,literal_interpretation_of_satire,Verified ML classification error under: sarcasm_miss
EX42346,weighted_fusion,1,0,false_negative,cross_modal_conflict_benign_text,Verified ML classification error under: modal_contradiction
EX42353,weighted_fusion,1,0,false_negative,implicit_sarcasm_not_detected,Verified ML classification error under: sarcasm_miss
EX42382,weighted_fusion,0,1,false_positive,misinterpreted_homophone_in_asr,Verified ML classification error under: asr_drift
EX42410,weighted_fusion,1,0,false_negative,out_of_distribution_cultural_slang,Verified ML classification error under: domain_shift
EX42418,weighted_fusion,1,0,false_negative,cross_modal_conflict_benign_text,Verified ML classification error under: modal_contradiction
EX42504,weighted_fusion,1,0,false_negative,implicit_sarcasm_not_detected,Verified ML classification error under: sarcasm_miss
EX42532,weighted_fusion,1,0,false_negative,out_of_distribution_cultural_slang,Verified ML classification error under: domain_shift
EX42549,weighted_fusion,0,1,false_positive,shadow_mimicking_graphic_contour,Verified ML classification error under: visual_artifacts
EX42569,weighted_fusion,1,0,false_negative,audio_whisper_transcription_drift,Verified ML classification error under: asr_drift
EX42580,weighted_fusion,1,0,false_negative,audio_whisper_transcription_drift,Verified ML classification error under: asr_drift
EX42582,weighted_fusion,1,0,false_negative,cross_modal_conflict_benign_text,Verified ML classification error under: modal_contradiction
EX42597,weighted_fusion,1,0,false_negative,cross_modal_conflict_benign_text,Verified ML classification error under: modal_contradiction
EX42598,weighted_fusion,1,0,false_negative,implicit_sarcasm_not_detected,Verified ML classification error under: sarcasm_miss
EX42612,weighted_fusion,0,1,false_positive,literal_interpretation_of_satire,Verified ML classification error under: sarcasm_miss
EX42614,weighted_fusion,0,1,false_positive,shadow_mimicking_graphic_contour,Verified ML classification error under: visual_artifacts
EX42657,weighted_fusion,1,0,false_negative,out_of_distribution_cultural_slang,Verified ML classification error under: domain_shift
EX42660,weighted_fusion,1,0,false_negative,out_of_distribution_cultural_slang,Verified ML classification error under: domain_shift
EX42664,weighted_fusion,0,1,false_positive,misinterpreted_homophone_in_asr,Verified ML classification error under: asr_drift
EX42698,weighted_fusion,0,1,false_positive,exaggerated_emotional_voice,Verified ML classification error under: modal_contradiction
EX42752,weighted_fusion,1,0,false_negative,audio_whisper_transcription_drift,Verified ML classification error under: asr_drift
EX42766,weighted_fusion,0,1,false_positive,exaggerated_emotional_voice,Verified ML classification error under: modal_contradiction
EX42783,weighted_fusion,1,0,false_negative,visual_occlusion_low_light,Verified ML classification error under: visual_artifacts
EX42808,weighted_fusion,0,1,false_positive,exaggerated_emotional_voice,Verified ML classification error under: modal_contradiction
EX42813,weighted_fusion,0,1,false_positive,reclaimed_slang_falsely_flagged,Verified ML classification error under: domain_shift
EX42882,weighted_fusion,1,0,false_negative,cross_modal_conflict_benign_text,Verified ML classification error under: modal_contradiction
EX42895,weighted_fusion,1,0,false_negative,audio_whisper_transcription_drift,Verified ML classification error under: asr_drift
EX42911,weighted_fusion,0,1,false_positive,shadow_mimicking_graphic_contour,Verified ML classification error under: visual_artifacts
EX42925,weighted_fusion,1,0,false_negative,cross_modal_conflict_benign_text,Verified ML classification error under: modal_contradiction
EX42978,weighted_fusion,0,1,false_positive,reclaimed_slang_falsely_flagged,Verified ML classification error under: domain_shift
EX43003,weighted_fusion,0,1,false_positive,misinterpreted_homophone_in_asr,Verified ML classification error under: asr_drift
EX43011,weighted_fusion,1,0,false_negative,visual_occlusion_low_light,Verified ML classification error under: visual_artifacts
EX43054,weighted_fusion,1,0,false_negative,implicit_sarcasm_not_detected,Verified ML classification error under: sarcasm_miss
EX43076,weighted_fusion,0,1,false_positive,shadow_mimicking_graphic_contour,Verified ML classification error under: visual_artifacts
EX43085,weighted_fusion,0,1,false_positive,roman_urdu_token_misclassification,Verified ML classification error under: transliteration_ambiguity
EX43112,weighted_fusion,1,0,false_negative,visual_occlusion_low_light,Verified ML classification error under: visual_artifacts
EX43117,weighted_fusion,1,0,false_negative,implicit_sarcasm_not_detected,Verified ML classification error under: sarcasm_miss
EX43124,weighted_fusion,1,0,false_negative,implicit_sarcasm_not_detected,Verified ML classification error under: sarcasm_miss
EX43137,weighted_fusion,1,0,false_negative,audio_whisper_transcription_drift,Verified ML classification error under: asr_drift
EX43165,weighted_fusion,1,0,false_negative,roman_urdu_slang_missed,Verified ML classification error under: transliteration_ambiguity
EX43230,weighted_fusion,1,0,false_negative,implicit_sarcasm_not_detected,Verified ML classification error under: sarcasm_miss
EX43231,weighted_fusion,1,0,false_negative,roman_urdu_slang_missed,Verified ML classification error under: transliteration_ambiguity
EX43379,weighted_fusion,1,0,false_negative,implicit_sarcasm_not_detected,Verified ML classification error under: sarcasm_miss
EX43413,weighted_fusion,0,1,false_positive,literal_interpretation_of_satire,Verified ML classification error under: sarcasm_miss
EX43467,weighted_fusion,0,1,false_positive,literal_interpretation_of_satire,Verified ML classification error under: sarcasm_miss
EX43476,weighted_fusion,1,0,false_negative,out_of_distribution_cultural_slang,Verified ML classification error under: domain_shift
EX43478,weighted_fusion,1,0,false_negative,roman_urdu_slang_missed,Verified ML classification error under: transliteration_ambiguity
EX43482,weighted_fusion,1,0,false_negative,implicit_sarcasm_not_detected,Verified ML classification error under: sarcasm_miss
EX43490,weighted_fusion,1,0,false_negative,roman_urdu_slang_missed,Verified ML classification error under: transliteration_ambiguity
EX43515,weighted_fusion,0,1,false_positive,literal_interpretation_of_satire,Verified ML classification error under: sarcasm_miss
EX43522,weighted_fusion,1,0,false_negative,roman_urdu_slang_missed,Verified ML classification error under: transliteration_ambiguity
EX43539,weighted_fusion,1,0,false_negative,out_of_distribution_cultural_slang,Verified ML classification error under: domain_shift
EX43625,weighted_fusion,0,1,false_positive,exaggerated_emotional_voice,Verified ML classification error under: modal_contradiction
EX43652,weighted_fusion,1,0,false_negative,audio_whisper_transcription_drift,Verified ML classification error under: asr_drift
EX43653,weighted_fusion,1,0,false_negative,roman_urdu_slang_missed,Verified ML classification error under: transliteration_ambiguity
EX43671,weighted_fusion,1,0,false_negative,cross_modal_conflict_benign_text,Verified ML classification error under: modal_contradiction
EX43675,weighted_fusion,1,0,false_negative,audio_whisper_transcription_drift,Verified ML classification error under: asr_drift
EX43696,weighted_fusion,0,1,false_positive,exaggerated_emotional_voice,Verified ML classification error under: modal_contradiction
EX43709,weighted_fusion,0,1,false_positive,literal_interpretation_of_satire,Verified ML classification error under: sarcasm_miss
EX43711,weighted_fusion,0,1,false_positive,exaggerated_emotional_voice,Verified ML classification error under: modal_contradiction
EX43719,weighted_fusion,1,0,false_negative,cross_modal_conflict_benign_text,Verified ML classification error under: modal_contradiction
EX43794,weighted_fusion,1,0,false_negative,audio_whisper_transcription_drift,Verified ML classification error under: asr_drift
EX43799,weighted_fusion,1,0,false_negative,out_of_distribution_cultural_slang,Verified ML classification error under: domain_shift
EX43806,weighted_fusion,1,0,false_negative,roman_urdu_slang_missed,Verified ML classification error under: transliteration_ambiguity
EX43809,weighted_fusion,1,0,false_negative,audio_whisper_transcription_drift,Verified ML classification error under: asr_drift
EX43840,weighted_fusion,0,1,false_positive,misinterpreted_homophone_in_asr,Verified ML classification error under: asr_drift
EX43851,weighted_fusion,1,0,false_negative,visual_occlusion_low_light,Verified ML classification error under: visual_artifacts
EX43863,weighted_fusion,1,0,false_negative,out_of_distribution_cultural_slang,Verified ML classification error under: domain_shift
EX43891,weighted_fusion,1,0,false_negative,roman_urdu_slang_missed,Verified ML classification error under: transliteration_ambiguity
EX43937,weighted_fusion,1,0,false_negative,implicit_sarcasm_not_detected,Verified ML classification error under: sarcasm_miss
EX43940,weighted_fusion,1,0,false_negative,visual_occlusion_low_light,Verified ML classification error under: visual_artifacts
EX43980,weighted_fusion,0,1,false_positive,misinterpreted_homophone_in_asr,Verified ML classification error under: asr_drift
EX44031,weighted_fusion,0,1,false_positive,reclaimed_slang_falsely_flagged,Verified ML classification error under: domain_shift
EX44069,weighted_fusion,1,0,false_negative,roman_urdu_slang_missed,Verified ML classification error under: transliteration_ambiguity
EX44119,weighted_fusion,1,0,false_negative,audio_whisper_transcription_drift,Verified ML classification error under: asr_drift
EX44122,weighted_fusion,1,0,false_negative,out_of_distribution_cultural_slang,Verified ML classification error under: domain_shift
EX44137,weighted_fusion,0,1,false_positive,reclaimed_slang_falsely_flagged,Verified ML classification error under: domain_shift
EX44145,weighted_fusion,1,0,false_negative,implicit_sarcasm_not_detected,Verified ML classification error under: sarcasm_miss
EX44149,weighted_fusion,0,1,false_positive,misinterpreted_homophone_in_asr,Verified ML classification error under: asr_drift
EX44202,weighted_fusion,1,0,false_negative,roman_urdu_slang_missed,Verified ML classification error under: transliteration_ambiguity
EX44204,weighted_fusion,1,0,false_negative,out_of_distribution_cultural_slang,Verified ML classification error under: domain_shift
EX44227,weighted_fusion,0,1,false_positive,misinterpreted_homophone_in_asr,Verified ML classification error under: asr_drift
EX44245,weighted_fusion,1,0,false_negative,cross_modal_conflict_benign_text,Verified ML classification error under: modal_contradiction
EX44248,weighted_fusion,1,0,false_negative,cross_modal_conflict_benign_text,Verified ML classification error under: modal_contradiction
EX44276,weighted_fusion,1,0,false_negative,audio_whisper_transcription_drift,Verified ML classification error under: asr_drift
EX44287,weighted_fusion,0,1,false_positive,roman_urdu_token_misclassification,Verified ML classification error under: transliteration_ambiguity
EX44307,weighted_fusion,1,0,false_negative,roman_urdu_slang_missed,Verified ML classification error under: transliteration_ambiguity
EX44347,weighted_fusion,1,0,false_negative,implicit_sarcasm_not_detected,Verified ML classification error under: sarcasm_miss
EX44370,weighted_fusion,0,1,false_positive,exaggerated_emotional_voice,Verified ML classification error under: modal_contradiction
EX44379,weighted_fusion,1,0,false_negative,cross_modal_conflict_benign_text,Verified ML classification error under: modal_contradiction
EX44391,weighted_fusion,0,1,false_positive,shadow_mimicking_graphic_contour,Verified ML classification error under: visual_artifacts
EX44458,weighted_fusion,0,1,false_positive,reclaimed_slang_falsely_flagged,Verified ML classification error under: domain_shift
EX44476,weighted_fusion,1,0,false_negative,roman_urdu_slang_missed,Verified ML classification error under: transliteration_ambiguity
EX44481,weighted_fusion,0,1,false_positive,roman_urdu_token_misclassification,Verified ML classification error under: transliteration_ambiguity
EX44494,weighted_fusion,0,1,false_positive,shadow_mimicking_graphic_contour,Verified ML classification error under: visual_artifacts
EX44505,weighted_fusion,0,1,false_positive,misinterpreted_homophone_in_asr,Verified ML classification error under: asr_drift
EX44515,weighted_fusion,0,1,false_positive,roman_urdu_token_misclassification,Verified ML classification error under: transliteration_ambiguity
EX44534,weighted_fusion,0,1,false_positive,misinterpreted_homophone_in_asr,Verified ML classification error under: asr_drift
EX44554,weighted_fusion,1,0,false_negative,audio_whisper_transcription_drift,Verified ML classification error under: asr_drift
EX44577,weighted_fusion,0,1,false_positive,exaggerated_emotional_voice,Verified ML classification error under: modal_contradiction
EX44608,weighted_fusion,0,1,false_positive,reclaimed_slang_falsely_flagged,Verified ML classification error under: domain_shift
EX44614,weighted_fusion,0,1,false_positive,shadow_mimicking_graphic_contour,Verified ML classification error under: visual_artifacts
EX44634,weighted_fusion,0,1,false_positive,reclaimed_slang_falsely_flagged,Verified ML classification error under: domain_shift
EX44674,weighted_fusion,0,1,false_positive,shadow_mimicking_graphic_contour,Verified ML classification error under: visual_artifacts
EX44682,weighted_fusion,0,1,false_positive,shadow_mimicking_graphic_contour,Verified ML classification error under: visual_artifacts
EX44691,weighted_fusion,0,1,false_positive,roman_urdu_token_misclassification,Verified ML classification error under: transliteration_ambiguity
EX44701,weighted_fusion,1,0,false_negative,out_of_distribution_cultural_slang,Verified ML classification error under: domain_shift
EX44722,weighted_fusion,1,0,false_negative,roman_urdu_slang_missed,Verified ML classification error under: transliteration_ambiguity
EX44797,weighted_fusion,0,1,false_positive,roman_urdu_token_misclassification,Verified ML classification error under: transliteration_ambiguity
EX44817,weighted_fusion,1,0,false_negative,implicit_sarcasm_not_detected,Verified ML classification error under: sarcasm_miss
EX44841,weighted_fusion,0,1,false_positive,exaggerated_emotional_voice,Verified ML classification error under: modal_contradiction
EX44859,weighted_fusion,0,1,false_positive,exaggerated_emotional_voice,Verified ML classification error under: modal_contradiction
EX44861,weighted_fusion,1,0,false_negative,audio_whisper_transcription_drift,Verified ML classification error under: asr_drift
EX44891,weighted_fusion,0,1,false_positive,roman_urdu_token_misclassification,Verified ML classification error under: transliteration_ambiguity
EX44913,weighted_fusion,1,0,false_negative,out_of_distribution_cultural_slang,Verified ML classification error under: domain_shift
EX44916,weighted_fusion,0,1,false_positive,literal_interpretation_of_satire,Verified ML classification error under: sarcasm_miss
EX44924,weighted_fusion,0,1,false_positive,shadow_mimicking_graphic_contour,Verified ML classification error under: visual_artifacts
EX44960,weighted_fusion,0,1,false_positive,shadow_mimicking_graphic_contour,Verified ML classification error under: visual_artifacts
EX44994,weighted_fusion,0,1,false_positive,reclaimed_slang_falsely_flagged,Verified ML classification error under: domain_shift
EX45008,weighted_fusion,1,0,false_negative,implicit_sarcasm_not_detected,Verified ML classification error under: sarcasm_miss
EX45024,weighted_fusion,0,1,false_positive,reclaimed_slang_falsely_flagged,Verified ML classification error under: domain_shift
EX45025,weighted_fusion,1,0,false_negative,roman_urdu_slang_missed,Verified ML classification error under: transliteration_ambiguity
EX45061,weighted_fusion,1,0,false_negative,implicit_sarcasm_not_detected,Verified ML classification error under: sarcasm_miss
EX45090,weighted_fusion,0,1,false_positive,literal_interpretation_of_satire,Verified ML classification error under: sarcasm_miss
EX45099,weighted_fusion,0,1,false_positive,shadow_mimicking_graphic_contour,Verified ML classification error under: visual_artifacts
EX45102,weighted_fusion,0,1,false_positive,exaggerated_emotional_voice,Verified ML classification error under: modal_contradiction
EX45107,weighted_fusion,1,0,false_negative,cross_modal_conflict_benign_text,Verified ML classification error under: modal_contradiction
EX45110,weighted_fusion,0,1,false_positive,roman_urdu_token_misclassification,Verified ML classification error under: transliteration_ambiguity
EX45122,weighted_fusion,1,0,false_negative,implicit_sarcasm_not_detected,Verified ML classification error under: sarcasm_miss
EX45141,weighted_fusion,1,0,false_negative,cross_modal_conflict_benign_text,Verified ML classification error under: modal_contradiction
EX45154,weighted_fusion,0,1,false_positive,reclaimed_slang_falsely_flagged,Verified ML classification error under: domain_shift
EX45195,weighted_fusion,0,1,false_positive,literal_interpretation_of_satire,Verified ML classification error under: sarcasm_miss
EX45282,weighted_fusion,0,1,false_positive,exaggerated_emotional_voice,Verified ML classification error under: modal_contradiction
EX45288,weighted_fusion,1,0,false_negative,roman_urdu_slang_missed,Verified ML classification error under: transliteration_ambiguity
EX45299,weighted_fusion,1,0,false_negative,cross_modal_conflict_benign_text,Verified ML classification error under: modal_contradiction
EX45398,weighted_fusion,0,1,false_positive,literal_interpretation_of_satire,Verified ML classification error under: sarcasm_miss
EX45416,weighted_fusion,0,1,false_positive,shadow_mimicking_graphic_contour,Verified ML classification error under: visual_artifacts
EX45461,weighted_fusion,1,0,false_negative,visual_occlusion_low_light,Verified ML classification error under: visual_artifacts
EX45476,weighted_fusion,0,1,false_positive,roman_urdu_token_misclassification,Verified ML classification error under: transliteration_ambiguity
EX45490,weighted_fusion,1,0,false_negative,visual_occlusion_low_light,Verified ML classification error under: visual_artifacts
EX45495,weighted_fusion,1,0,false_negative,visual_occlusion_low_light,Verified ML classification error under: visual_artifacts
EX45513,weighted_fusion,0,1,false_positive,roman_urdu_token_misclassification,Verified ML classification error under: transliteration_ambiguity
EX45539,weighted_fusion,0,1,false_positive,misinterpreted_homophone_in_asr,Verified ML classification error under: asr_drift
EX45556,weighted_fusion,0,1,false_positive,roman_urdu_token_misclassification,Verified ML classification error under: transliteration_ambiguity
EX45588,weighted_fusion,0,1,false_positive,roman_urdu_token_misclassification,Verified ML classification error under: transliteration_ambiguity
EX45595,weighted_fusion,1,0,false_negative,visual_occlusion_low_light,Verified ML classification error under: visual_artifacts
EX45619,weighted_fusion,1,0,false_negative,cross_modal_conflict_benign_text,Verified ML classification error under: modal_contradiction
EX45631,weighted_fusion,1,0,false_negative,out_of_distribution_cultural_slang,Verified ML classification error under: domain_shift
EX45647,weighted_fusion,1,0,false_negative,visual_occlusion_low_light,Verified ML classification error under: visual_artifacts
EX45664,weighted_fusion,0,1,false_positive,literal_interpretation_of_satire,Verified ML classification error under: sarcasm_miss
EX45671,weighted_fusion,1,0,false_negative,implicit_sarcasm_not_detected,Verified ML classification error under: sarcasm_miss
EX45697,weighted_fusion,0,1,false_positive,shadow_mimicking_graphic_contour,Verified ML classification error under: visual_artifacts
EX45700,weighted_fusion,1,0,false_negative,audio_whisper_transcription_drift,Verified ML classification error under: asr_drift
EX45713,weighted_fusion,1,0,false_negative,visual_occlusion_low_light,Verified ML classification error under: visual_artifacts
EX45722,weighted_fusion,1,0,false_negative,out_of_distribution_cultural_slang,Verified ML classification error under: domain_shift
EX45729,weighted_fusion,1,0,false_negative,implicit_sarcasm_not_detected,Verified ML classification error under: sarcasm_miss
EX45774,weighted_fusion,0,1,false_positive,exaggerated_emotional_voice,Verified ML classification error under: modal_contradiction
EX45781,weighted_fusion,1,0,false_negative,cross_modal_conflict_benign_text,Verified ML classification error under: modal_contradiction
EX45782,weighted_fusion,0,1,false_positive,exaggerated_emotional_voice,Verified ML classification error under: modal_contradiction
EX45784,weighted_fusion,0,1,false_positive,reclaimed_slang_falsely_flagged,Verified ML classification error under: domain_shift
EX45798,weighted_fusion,1,0,false_negative,implicit_sarcasm_not_detected,Verified ML classification error under: sarcasm_miss
EX45802,weighted_fusion,1,0,false_negative,implicit_sarcasm_not_detected,Verified ML classification error under: sarcasm_miss
EX45821,weighted_fusion,1,0,false_negative,cross_modal_conflict_benign_text,Verified ML classification error under: modal_contradiction
EX45829,weighted_fusion,1,0,false_negative,cross_modal_conflict_benign_text,Verified ML classification error under: modal_contradiction
EX45834,weighted_fusion,0,1,false_positive,reclaimed_slang_falsely_flagged,Verified ML classification error under: domain_shift
EX45843,weighted_fusion,1,0,false_negative,roman_urdu_slang_missed,Verified ML classification error under: transliteration_ambiguity
EX45845,weighted_fusion,0,1,false_positive,reclaimed_slang_falsely_flagged,Verified ML classification error under: domain_shift
EX45851,weighted_fusion,0,1,false_positive,shadow_mimicking_graphic_contour,Verified ML classification error under: visual_artifacts
EX45860,weighted_fusion,0,1,false_positive,shadow_mimicking_graphic_contour,Verified ML classification error under: visual_artifacts
EX45871,weighted_fusion,1,0,false_negative,visual_occlusion_low_light,Verified ML classification error under: visual_artifacts
EX45912,weighted_fusion,1,0,false_negative,roman_urdu_slang_missed,Verified ML classification error under: transliteration_ambiguity
EX45953,weighted_fusion,0,1,false_positive,exaggerated_emotional_voice,Verified ML classification error under: modal_contradiction
EX45968,weighted_fusion,1,0,false_negative,roman_urdu_slang_missed,Verified ML classification error under: transliteration_ambiguity
EX45990,weighted_fusion,0,1,false_positive,literal_interpretation_of_satire,Verified ML classification error under: sarcasm_miss
EX46003,weighted_fusion,0,1,false_positive,exaggerated_emotional_voice,Verified ML classification error under: modal_contradiction
EX46005,weighted_fusion,1,0,false_negative,roman_urdu_slang_missed,Verified ML classification error under: transliteration_ambiguity
EX46034,weighted_fusion,0,1,false_positive,shadow_mimicking_graphic_contour,Verified ML classification error under: visual_artifacts
EX46050,weighted_fusion,0,1,false_positive,misinterpreted_homophone_in_asr,Verified ML classification error under: asr_drift
EX46064,weighted_fusion,0,1,false_positive,exaggerated_emotional_voice,Verified ML classification error under: modal_contradiction
EX46075,weighted_fusion,1,0,false_negative,audio_whisper_transcription_drift,Verified ML classification error under: asr_drift
EX46085,weighted_fusion,0,1,false_positive,reclaimed_slang_falsely_flagged,Verified ML classification error under: domain_shift
EX46114,weighted_fusion,1,0,false_negative,cross_modal_conflict_benign_text,Verified ML classification error under: modal_contradiction
EX46117,weighted_fusion,1,0,false_negative,roman_urdu_slang_missed,Verified ML classification error under: transliteration_ambiguity
EX46132,weighted_fusion,0,1,false_positive,exaggerated_emotional_voice,Verified ML classification error under: modal_contradiction
EX46143,weighted_fusion,1,0,false_negative,out_of_distribution_cultural_slang,Verified ML classification error under: domain_shift
EX46146,weighted_fusion,0,1,false_positive,misinterpreted_homophone_in_asr,Verified ML classification error under: asr_drift
EX46155,weighted_fusion,0,1,false_positive,shadow_mimicking_graphic_contour,Verified ML classification error under: visual_artifacts
EX46159,weighted_fusion,0,1,false_positive,reclaimed_slang_falsely_flagged,Verified ML classification error under: domain_shift
EX46174,weighted_fusion,1,0,false_negative,roman_urdu_slang_missed,Verified ML classification error under: transliteration_ambiguity
EX46213,weighted_fusion,1,0,false_negative,visual_occlusion_low_light,Verified ML classification error under: visual_artifacts
EX46260,weighted_fusion,1,0,false_negative,visual_occlusion_low_light,Verified ML classification error under: visual_artifacts
EX46263,weighted_fusion,1,0,false_negative,cross_modal_conflict_benign_text,Verified ML classification error under: modal_contradiction
EX46288,weighted_fusion,1,0,false_negative,implicit_sarcasm_not_detected,Verified ML classification error under: sarcasm_miss
EX46289,weighted_fusion,1,0,false_negative,implicit_sarcasm_not_detected,Verified ML classification error under: sarcasm_miss
EX46290,weighted_fusion,0,1,false_positive,misinterpreted_homophone_in_asr,Verified ML classification error under: asr_drift
EX46302,weighted_fusion,0,1,false_positive,misinterpreted_homophone_in_asr,Verified ML classification error under: asr_drift
EX46303,weighted_fusion,0,1,false_positive,reclaimed_slang_falsely_flagged,Verified ML classification error under: domain_shift
EX46330,weighted_fusion,1,0,false_negative,out_of_distribution_cultural_slang,Verified ML classification error under: domain_shift
EX46359,weighted_fusion,1,0,false_negative,roman_urdu_slang_missed,Verified ML classification error under: transliteration_ambiguity
EX46363,weighted_fusion,0,1,false_positive,misinterpreted_homophone_in_asr,Verified ML classification error under: asr_drift
EX46417,weighted_fusion,0,1,false_positive,exaggerated_emotional_voice,Verified ML classification error under: modal_contradiction
EX46457,weighted_fusion,1,0,false_negative,roman_urdu_slang_missed,Verified ML classification error under: transliteration_ambiguity
EX46478,weighted_fusion,0,1,false_positive,exaggerated_emotional_voice,Verified ML classification error under: modal_contradiction
EX46525,weighted_fusion,1,0,false_negative,visual_occlusion_low_light,Verified ML classification error under: visual_artifacts
EX46583,weighted_fusion,1,0,false_negative,roman_urdu_slang_missed,Verified ML classification error under: transliteration_ambiguity
EX46630,weighted_fusion,1,0,false_negative,out_of_distribution_cultural_slang,Verified ML classification error under: domain_shift
EX46654,weighted_fusion,0,1,false_positive,shadow_mimicking_graphic_contour,Verified ML classification error under: visual_artifacts
EX46707,weighted_fusion,1,0,false_negative,roman_urdu_slang_missed,Verified ML classification error under: transliteration_ambiguity
EX46722,weighted_fusion,0,1,false_positive,literal_interpretation_of_satire,Verified ML classification error under: sarcasm_miss
EX46724,weighted_fusion,1,0,false_negative,roman_urdu_slang_missed,Verified ML classification error under: transliteration_ambiguity
EX46728,weighted_fusion,1,0,false_negative,out_of_distribution_cultural_slang,Verified ML classification error under: domain_shift
EX46744,weighted_fusion,0,1,false_positive,exaggerated_emotional_voice,Verified ML classification error under: modal_contradiction
EX46751,weighted_fusion,0,1,false_positive,exaggerated_emotional_voice,Verified ML classification error under: modal_contradiction
EX46763,weighted_fusion,1,0,false_negative,audio_whisper_transcription_drift,Verified ML classification error under: asr_drift
EX46789,weighted_fusion,1,0,false_negative,out_of_distribution_cultural_slang,Verified ML classification error under: domain_shift
EX46797,weighted_fusion,0,1,false_positive,misinterpreted_homophone_in_asr,Verified ML classification error under: asr_drift
EX46806,weighted_fusion,1,0,false_negative,implicit_sarcasm_not_detected,Verified ML classification error under: sarcasm_miss
EX46818,weighted_fusion,1,0,false_negative,cross_modal_conflict_benign_text,Verified ML classification error under: modal_contradiction
EX46821,weighted_fusion,1,0,false_negative,roman_urdu_slang_missed,Verified ML classification error under: transliteration_ambiguity
EX46911,weighted_fusion,0,1,false_positive,roman_urdu_token_misclassification,Verified ML classification error under: transliteration_ambiguity
EX46917,weighted_fusion,1,0,false_negative,cross_modal_conflict_benign_text,Verified ML classification error under: modal_contradiction
EX46962,weighted_fusion,0,1,false_positive,literal_interpretation_of_satire,Verified ML classification error under: sarcasm_miss
EX47023,weighted_fusion,1,0,false_negative,cross_modal_conflict_benign_text,Verified ML classification error under: modal_contradiction
EX47024,weighted_fusion,1,0,false_negative,out_of_distribution_cultural_slang,Verified ML classification error under: domain_shift
EX47033,weighted_fusion,1,0,false_negative,cross_modal_conflict_benign_text,Verified ML classification error under: modal_contradiction
EX47041,weighted_fusion,1,0,false_negative,audio_whisper_transcription_drift,Verified ML classification error under: asr_drift
EX47052,weighted_fusion,0,1,false_positive,literal_interpretation_of_satire,Verified ML classification error under: sarcasm_miss
EX47073,weighted_fusion,0,1,false_positive,literal_interpretation_of_satire,Verified ML classification error under: sarcasm_miss
EX47079,weighted_fusion,0,1,false_positive,shadow_mimicking_graphic_contour,Verified ML classification error under: visual_artifacts
EX47115,weighted_fusion,0,1,false_positive,roman_urdu_token_misclassification,Verified ML classification error under: transliteration_ambiguity
EX47119,weighted_fusion,1,0,false_negative,visual_occlusion_low_light,Verified ML classification error under: visual_artifacts
EX47145,weighted_fusion,1,0,false_negative,audio_whisper_transcription_drift,Verified ML classification error under: asr_drift
EX47180,weighted_fusion,1,0,false_negative,cross_modal_conflict_benign_text,Verified ML classification error under: modal_contradiction
EX47198,weighted_fusion,1,0,false_negative,visual_occlusion_low_light,Verified ML classification error under: visual_artifacts
EX47206,weighted_fusion,0,1,false_positive,shadow_mimicking_graphic_contour,Verified ML classification error under: visual_artifacts
EX47357,weighted_fusion,0,1,false_positive,misinterpreted_homophone_in_asr,Verified ML classification error under: asr_drift
EX47359,weighted_fusion,1,0,false_negative,implicit_sarcasm_not_detected,Verified ML classification error under: sarcasm_miss
EX47380,weighted_fusion,1,0,false_negative,audio_whisper_transcription_drift,Verified ML classification error under: asr_drift
EX47534,weighted_fusion,0,1,false_positive,literal_interpretation_of_satire,Verified ML classification error under: sarcasm_miss
EX47558,weighted_fusion,0,1,false_positive,literal_interpretation_of_satire,Verified ML classification error under: sarcasm_miss
EX47582,weighted_fusion,0,1,false_positive,misinterpreted_homophone_in_asr,Verified ML classification error under: asr_drift
EX47612,weighted_fusion,1,0,false_negative,audio_whisper_transcription_drift,Verified ML classification error under: asr_drift
EX47614,weighted_fusion,0,1,false_positive,reclaimed_slang_falsely_flagged,Verified ML classification error under: domain_shift
EX47626,weighted_fusion,0,1,false_positive,shadow_mimicking_graphic_contour,Verified ML classification error under: visual_artifacts
EX47633,weighted_fusion,0,1,false_positive,misinterpreted_homophone_in_asr,Verified ML classification error under: asr_drift
EX47645,weighted_fusion,0,1,false_positive,reclaimed_slang_falsely_flagged,Verified ML classification error under: domain_shift
EX47646,weighted_fusion,1,0,false_negative,cross_modal_conflict_benign_text,Verified ML classification error under: modal_contradiction
EX47654,weighted_fusion,0,1,false_positive,shadow_mimicking_graphic_contour,Verified ML classification error under: visual_artifacts
EX47689,weighted_fusion,1,0,false_negative,cross_modal_conflict_benign_text,Verified ML classification error under: modal_contradiction
EX47720,weighted_fusion,1,0,false_negative,roman_urdu_slang_missed,Verified ML classification error under: transliteration_ambiguity
EX47739,weighted_fusion,1,0,false_negative,implicit_sarcasm_not_detected,Verified ML classification error under: sarcasm_miss
EX47755,weighted_fusion,1,0,false_negative,implicit_sarcasm_not_detected,Verified ML classification error under: sarcasm_miss
EX47756,weighted_fusion,1,0,false_negative,cross_modal_conflict_benign_text,Verified ML classification error under: modal_contradiction
EX47760,weighted_fusion,0,1,false_positive,misinterpreted_homophone_in_asr,Verified ML classification error under: asr_drift
EX47769,weighted_fusion,1,0,false_negative,visual_occlusion_low_light,Verified ML classification error under: visual_artifacts
EX47815,weighted_fusion,0,1,false_positive,exaggerated_emotional_voice,Verified ML classification error under: modal_contradiction
EX47830,weighted_fusion,0,1,false_positive,reclaimed_slang_falsely_flagged,Verified ML classification error under: domain_shift
EX47835,weighted_fusion,0,1,false_positive,reclaimed_slang_falsely_flagged,Verified ML classification error under: domain_shift
EX47842,weighted_fusion,1,0,false_negative,out_of_distribution_cultural_slang,Verified ML classification error under: domain_shift
EX47880,weighted_fusion,0,1,false_positive,literal_interpretation_of_satire,Verified ML classification error under: sarcasm_miss
EX47919,weighted_fusion,0,1,false_positive,literal_interpretation_of_satire,Verified ML classification error under: sarcasm_miss
EX48020,weighted_fusion,1,0,false_negative,implicit_sarcasm_not_detected,Verified ML classification error under: sarcasm_miss
EX48040,weighted_fusion,1,0,false_negative,roman_urdu_slang_missed,Verified ML classification error under: transliteration_ambiguity
EX48053,weighted_fusion,1,0,false_negative,out_of_distribution_cultural_slang,Verified ML classification error under: domain_shift
EX48078,weighted_fusion,0,1,false_positive,exaggerated_emotional_voice,Verified ML classification error under: modal_contradiction
EX48081,weighted_fusion,0,1,false_positive,exaggerated_emotional_voice,Verified ML classification error under: modal_contradiction
EX48105,weighted_fusion,0,1,false_positive,misinterpreted_homophone_in_asr,Verified ML classification error under: asr_drift
EX48132,weighted_fusion,0,1,false_positive,shadow_mimicking_graphic_contour,Verified ML classification error under: visual_artifacts
EX48146,weighted_fusion,0,1,false_positive,reclaimed_slang_falsely_flagged,Verified ML classification error under: domain_shift
EX48172,weighted_fusion,1,0,false_negative,roman_urdu_slang_missed,Verified ML classification error under: transliteration_ambiguity
EX48175,weighted_fusion,1,0,false_negative,cross_modal_conflict_benign_text,Verified ML classification error under: modal_contradiction
EX48216,weighted_fusion,0,1,false_positive,shadow_mimicking_graphic_contour,Verified ML classification error under: visual_artifacts
EX48237,weighted_fusion,1,0,false_negative,audio_whisper_transcription_drift,Verified ML classification error under: asr_drift
EX48271,weighted_fusion,0,1,false_positive,literal_interpretation_of_satire,Verified ML classification error under: sarcasm_miss
EX48280,weighted_fusion,1,0,false_negative,visual_occlusion_low_light,Verified ML classification error under: visual_artifacts
EX48284,weighted_fusion,0,1,false_positive,exaggerated_emotional_voice,Verified ML classification error under: modal_contradiction
EX48301,weighted_fusion,1,0,false_negative,roman_urdu_slang_missed,Verified ML classification error under: transliteration_ambiguity
EX48329,weighted_fusion,0,1,false_positive,shadow_mimicking_graphic_contour,Verified ML classification error under: visual_artifacts
EX48396,weighted_fusion,1,0,false_negative,out_of_distribution_cultural_slang,Verified ML classification error under: domain_shift
EX48449,weighted_fusion,0,1,false_positive,literal_interpretation_of_satire,Verified ML classification error under: sarcasm_miss
EX48481,weighted_fusion,0,1,false_positive,reclaimed_slang_falsely_flagged,Verified ML classification error under: domain_shift
EX48487,weighted_fusion,1,0,false_negative,out_of_distribution_cultural_slang,Verified ML classification error under: domain_shift
EX48512,weighted_fusion,0,1,false_positive,misinterpreted_homophone_in_asr,Verified ML classification error under: asr_drift
EX48555,weighted_fusion,0,1,false_positive,literal_interpretation_of_satire,Verified ML classification error under: sarcasm_miss
EX48576,weighted_fusion,1,0,false_negative,cross_modal_conflict_benign_text,Verified ML classification error under: modal_contradiction
EX48578,weighted_fusion,0,1,false_positive,literal_interpretation_of_satire,Verified ML classification error under: sarcasm_miss
EX48579,weighted_fusion,0,1,false_positive,roman_urdu_token_misclassification,Verified ML classification error under: transliteration_ambiguity
EX48611,weighted_fusion,1,0,false_negative,visual_occlusion_low_light,Verified ML classification error under: visual_artifacts
EX48613,weighted_fusion,1,0,false_negative,roman_urdu_slang_missed,Verified ML classification error under: transliteration_ambiguity
EX48694,weighted_fusion,0,1,false_positive,misinterpreted_homophone_in_asr,Verified ML classification error under: asr_drift
EX48698,weighted_fusion,1,0,false_negative,out_of_distribution_cultural_slang,Verified ML classification error under: domain_shift
EX48730,weighted_fusion,1,0,false_negative,cross_modal_conflict_benign_text,Verified ML classification error under: modal_contradiction
EX48753,weighted_fusion,0,1,false_positive,reclaimed_slang_falsely_flagged,Verified ML classification error under: domain_shift
EX48790,weighted_fusion,1,0,false_negative,implicit_sarcasm_not_detected,Verified ML classification error under: sarcasm_miss
EX48843,weighted_fusion,1,0,false_negative,cross_modal_conflict_benign_text,Verified ML classification error under: modal_contradiction
EX48863,weighted_fusion,1,0,false_negative,cross_modal_conflict_benign_text,Verified ML classification error under: modal_contradiction
EX48986,weighted_fusion,1,0,false_negative,visual_occlusion_low_light,Verified ML classification error under: visual_artifacts
EX49008,weighted_fusion,1,0,false_negative,implicit_sarcasm_not_detected,Verified ML classification error under: sarcasm_miss
EX49059,weighted_fusion,0,1,false_positive,roman_urdu_token_misclassification,Verified ML classification error under: transliteration_ambiguity
EX49063,weighted_fusion,1,0,false_negative,roman_urdu_slang_missed,Verified ML classification error under: transliteration_ambiguity
EX49080,weighted_fusion,1,0,false_negative,out_of_distribution_cultural_slang,Verified ML classification error under: domain_shift
EX49107,weighted_fusion,0,1,false_positive,exaggerated_emotional_voice,Verified ML classification error under: modal_contradiction
EX49140,weighted_fusion,1,0,false_negative,cross_modal_conflict_benign_text,Verified ML classification error under: modal_contradiction
EX49159,weighted_fusion,1,0,false_negative,out_of_distribution_cultural_slang,Verified ML classification error under: domain_shift
EX49190,weighted_fusion,0,1,false_positive,exaggerated_emotional_voice,Verified ML classification error under: modal_contradiction
EX49206,weighted_fusion,0,1,false_positive,roman_urdu_token_misclassification,Verified ML classification error under: transliteration_ambiguity
EX49241,weighted_fusion,0,1,false_positive,misinterpreted_homophone_in_asr,Verified ML classification error under: asr_drift
EX49255,weighted_fusion,1,0,false_negative,cross_modal_conflict_benign_text,Verified ML classification error under: modal_contradiction
EX49258,weighted_fusion,0,1,false_positive,reclaimed_slang_falsely_flagged,Verified ML classification error under: domain_shift
EX49271,weighted_fusion,0,1,false_positive,reclaimed_slang_falsely_flagged,Verified ML classification error under: domain_shift
EX49283,weighted_fusion,1,0,false_negative,audio_whisper_transcription_drift,Verified ML classification error under: asr_drift
EX49294,weighted_fusion,0,1,false_positive,reclaimed_slang_falsely_flagged,Verified ML classification error under: domain_shift
EX49311,weighted_fusion,0,1,false_positive,shadow_mimicking_graphic_contour,Verified ML classification error under: visual_artifacts
EX49319,weighted_fusion,1,0,false_negative,cross_modal_conflict_benign_text,Verified ML classification error under: modal_contradiction
EX49366,weighted_fusion,1,0,false_negative,cross_modal_conflict_benign_text,Verified ML classification error under: modal_contradiction
EX49468,weighted_fusion,0,1,false_positive,roman_urdu_token_misclassification,Verified ML classification error under: transliteration_ambiguity
EX49512,weighted_fusion,1,0,false_negative,roman_urdu_slang_missed,Verified ML classification error under: transliteration_ambiguity
EX49519,weighted_fusion,1,0,false_negative,visual_occlusion_low_light,Verified ML classification error under: visual_artifacts
EX49534,weighted_fusion,1,0,false_negative,implicit_sarcasm_not_detected,Verified ML classification error under: sarcasm_miss
EX49566,weighted_fusion,0,1,false_positive,shadow_mimicking_graphic_contour,Verified ML classification error under: visual_artifacts
EX49591,weighted_fusion,1,0,false_negative,cross_modal_conflict_benign_text,Verified ML classification error under: modal_contradiction
EX49603,weighted_fusion,0,1,false_positive,misinterpreted_homophone_in_asr,Verified ML classification error under: asr_drift
EX49618,weighted_fusion,1,0,false_negative,roman_urdu_slang_missed,Verified ML classification error under: transliteration_ambiguity
EX49659,weighted_fusion,0,1,false_positive,literal_interpretation_of_satire,Verified ML classification error under: sarcasm_miss
EX49689,weighted_fusion,0,1,false_positive,reclaimed_slang_falsely_flagged,Verified ML classification error under: domain_shift
EX49723,weighted_fusion,0,1,false_positive,exaggerated_emotional_voice,Verified ML classification error under: modal_contradiction
EX49763,weighted_fusion,0,1,false_positive,reclaimed_slang_falsely_flagged,Verified ML classification error under: domain_shift
EX49893,weighted_fusion,1,0,false_negative,visual_occlusion_low_light,Verified ML classification error under: visual_artifacts
EX49921,weighted_fusion,1,0,false_negative,roman_urdu_slang_missed,Verified ML classification error under: transliteration_ambiguity
EX49941,weighted_fusion,0,1,false_positive,roman_urdu_token_misclassification,Verified ML classification error under: transliteration_ambiguity
EX49951,weighted_fusion,1,0,false_negative,cross_modal_conflict_benign_text,Verified ML classification error under: modal_contradiction
EX49967,weighted_fusion,1,0,false_negative,cross_modal_conflict_benign_text,Verified ML classification error under: modal_contradiction
EX49974,weighted_fusion,0,1,false_positive,literal_interpretation_of_satire,Verified ML classification error under: sarcasm_miss
EX49975,weighted_fusion,1,0,false_negative,visual_occlusion_low_light,Verified ML classification error under: visual_artifacts
EX49999,weighted_fusion,1,0,false_negative,cross_modal_conflict_benign_text,Verified ML classification error under: modal_contradiction
